caso;tiempo;ECconbiofinal;ECconsusfinal;;
ec1.1;0;0.0000;100.0000;;
ec1.1;1;0.4645;98.9122;;
ec1.1;2;0.9261;97.5228;;
ec1.1;3;1.3841;95.8385;;
ec1.1;4;1.8374;93.9071;;
ec1.1;5;2.2861;91.7198;;
ec1.1;6;2.7289;89.3382;;
ec1.1;7;3.1651;86.8213;;
ec1.1;8;3.5945;84.1691;;
ec1.1;9;4.0170;81.3969;;
ec1.1;10;4.4315;78.6018;;
ec1.1;11;4.8377;75.7915;;
ec1.1;12;5.2358;72.9632;;
ec1.1;13;5.6251;70.1757;;
ec1.1;14;6.0056;67.4543;;
ec1.1;15;6.3772;64.7982;;
ec1.1;16;6.7400;62.2154;;
ec1.1;17;7.0939;59.7370;;
ec1.1;18;7.4390;57.3632;;
ec1.1;19;7.7753;55.0917;;
ec1.1;20;8.1031;52.9266;;
ec1.1;21;8.4227;50.8709;;
ec1.1;22;8.7340;48.9246;;
ec1.1;23;9.0372;47.0837;;
ec1.1;24;9.3329;45.3396;;
ec1.1;25;9.6213;43.6919;;
ec1.1;26;9.9022;42.1410;;
ec1.1;27;10.1761;40.6780;;
ec1.1;28;10.4436;39.2926;;
ec1.1;29;10.7046;37.9848;;
ec1.1;30;10.9592;36.7553;;
ec1.1;31;11.2078;35.5936;;
ec1.1;32;11.4509;34.4909;;
ec1.1;33;11.6885;33.4471;;
ec1.1;34;11.9206;32.4627;;
ec1.1;35;12.1475;31.5321;;
ec1.1;36;12.3697;30.6446;;
ec1.1;37;12.5873;29.8000;;
ec1.1;38;12.8003;28.9983;;
ec1.1;39;13.0086;28.2400;;
ec1.1;40;13.2128;27.5149;;
ec1.1;41;13.4131;26.8202;;
ec1.1;42;13.6096;26.1559;;
ec1.1;43;13.8021;25.5219;;
ec1.1;44;13.9907;24.9186;;
ec1.1;45;14.1759;24.3385;;
ec1.1;46;14.3578;23.7793;;
ec1.1;47;14.5364;23.2410;;
ec1.1;48;14.7117;22.7237;;
ec1.1;49;14.8838;22.2275;;
ec1.1;50;15.0526;21.7513;;
ec1.1;51;15.2187;21.2893;;
ec1.1;52;15.3820;20.8416;;
ec1.1;53;15.5425;20.4081;;
ec1.1;54;15.7002;19.9889;;
ec1.1;55;15.8551;19.5840;;
ec1.1;56;16.0073;19.1937;;
ec1.1;57;16.1570;18.8137;;
ec1.1;58;16.3044;18.4434;;
ec1.1;59;16.4494;18.0828;;
ec1.1;60;16.5921;17.7319;;
ec1.1;61;16.7323;17.3908;;
ec1.1;62;16.8702;17.0593;;
ec1.1;63;17.0057;16.7380;;
ec1.1;64;17.1391;16.4243;;
ec1.1;65;17.2704;16.1174;;
ec1.1;66;17.3997;15.8172;;
ec1.1;67;17.5270;15.5236;;
ec1.1;68;17.6523;15.2368;;
ec1.1;69;17.7755;14.9566;;
ec1.1;70;17.8967;14.6832;;
ec1.1;71;18.0158;14.4167;;
ec1.1;72;18.1330;14.1565;;
ec1.1;73;18.2485;13.9010;;
ec1.1;74;18.3622;13.6504;;
ec1.1;75;18.4742;13.4045;;
ec1.1;76;18.5845;13.1634;;
ec1.1;77;18.6930;12.9270;;
ec1.1;78;18.7997;12.6955;;
ec1.1;79;18.9048;12.4687;;
ec1.1;80;19.0081;12.2468;;
ec1.1;81;19.1095;12.0300;;
ec1.1;82;19.2095;11.8171;;
ec1.1;83;19.3079;11.6078;;
ec1.1;84;19.4049;11.4021;;
ec1.1;85;19.5004;11.2000;;
ec1.1;86;19.5944;11.0014;;
ec1.1;87;19.6869;10.8064;;
ec1.1;88;19.7779;10.6149;;
ec1.1;89;19.8675;10.4271;;
ec1.1;90;19.9556;10.2427;;
ec1.1;91;20.0422;10.0620;;
ec1.1;92;20.1272;9.8851;;
ec1.1;93;20.2109;9.7113;;
ec1.1;94;20.2934;9.5403;;
ec1.1;95;20.3746;9.3720;;
ec1.1;96;20.4546;9.2065;;
ec1.1;97;20.5333;9.0437;;
ec1.1;98;20.6107;8.8837;;
ec1.1;99;20.6870;8.7264;;
ec1.1;100;20.7620;8.5719;;
ec1.1;101;20.8357;8.4202;;
ec1.1;102;20.9082;8.2712;;
ec1.1;103;20.9794;8.1250;;
ec1.1;104;21.0494;7.9817;;
ec1.1;105;21.1181;7.8411;;
ec1.1;106;21.1858;7.7026;;
ec1.1;107;21.2525;7.5664;;
ec1.1;108;21.3181;7.4323;;
ec1.1;109;21.3827;7.3004;;
ec1.1;110;21.4463;7.1707;;
ec1.1;111;21.5089;7.0431;;
ec1.1;112;21.5704;6.9178;;
ec1.1;113;21.6309;6.7946;;
ec1.1;114;21.6903;6.6736;;
ec1.1;115;21.7487;6.5547;;
ec1.1;116;21.8061;6.4381;;
ec1.1;117;21.8625;6.3237;;
ec1.1;118;21.9178;6.2115;;
ec1.1;119;21.9722;6.1011;;
ec1.1;120;22.0258;5.9925;;
ec1.1;121;22.0785;5.8855;;
ec1.1;122;22.1304;5.7803;;
ec1.1;123;22.1815;5.6768;;
ec1.1;124;22.2317;5.5751;;
ec1.1;125;22.2811;5.4751;;
ec1.1;126;22.3297;5.3768;;
ec1.1;127;22.3774;5.2803;;
ec1.1;128;22.4243;5.1855;;
ec1.1;129;22.4703;5.0924;;
ec1.1;130;22.5155;5.0010;;
ec1.1;131;22.5598;4.9116;;
ec1.1;132;22.6033;4.8237;;
ec1.1;133;22.6462;4.7372;;
ec1.1;134;22.6883;4.6520;;
ec1.1;135;22.7298;4.5683;;
ec1.1;136;22.7707;4.4859;;
ec1.1;137;22.8108;4.4049;;
ec1.1;138;22.8503;4.3253;;
ec1.1;139;22.8891;4.2470;;
ec1.1;140;22.9272;4.1702;;
ec1.1;141;22.9646;4.0947;;
ec1.1;142;23.0014;4.0206;;
ec1.1;143;23.0375;3.9479;;
ec1.1;144;23.0729;3.8765;;
ec1.1;145;23.1076;3.8067;;
ec1.1;146;23.1417;3.7380;;
ec1.1;147;23.1752;3.6704;;
ec1.1;148;23.2082;3.6039;;
ec1.1;149;23.2407;3.5385;;
ec1.1;150;23.2727;3.4742;;
ec1.1;151;23.3041;3.4110;;
ec1.1;152;23.3349;3.3489;;
ec1.1;153;23.3653;3.2878;;
ec1.1;154;23.3950;3.2279;;
ec1.1;155;23.4243;3.1691;;
ec1.1;156;23.4530;3.1113;;
ec1.1;157;23.4812;3.0547;;
ec1.1;158;23.5088;2.9991;;
ec1.1;159;23.5358;2.9447;;
ec1.1;160;23.5624;2.8912;;
ec1.1;161;23.5886;2.8386;;
ec1.1;162;23.6144;2.7868;;
ec1.1;163;23.6397;2.7359;;
ec1.1;164;23.6646;2.6858;;
ec1.1;165;23.6891;2.6367;;
ec1.1;166;23.7131;2.5883;;
ec1.1;167;23.7367;2.5409;;
ec1.1;168;23.7599;2.4943;;
ec1.1;169;23.7827;2.4485;;
ec1.1;170;23.8050;2.4037;;
ec1.1;171;23.8269;2.3597;;
ec1.1;172;23.8483;2.3166;;
ec1.1;173;23.8694;2.2743;;
ec1.1;174;23.8901;2.2328;;
ec1.1;175;23.9104;2.1919;;
ec1.1;176;23.9304;2.1517;;
ec1.1;177;23.9501;2.1121;;
ec1.1;178;23.9695;2.0733;;
ec1.1;179;23.9885;2.0351;;
ec1.1;180;24.0071;1.9976;;
ec1.1;181;24.0255;1.9608;;
ec1.1;182;24.0435;1.9247;;
ec1.1;183;24.0611;1.8892;;
ec1.1;184;24.0784;1.8545;;
ec1.1;185;24.0954;1.8204;;
ec1.1;186;24.1120;1.7870;;
ec1.1;187;24.1283;1.7543;;
ec1.1;188;24.1444;1.7220;;
ec1.1;189;24.1602;1.6903;;
ec1.1;190;24.1757;1.6592;;
ec1.1;191;24.1910;1.6286;;
ec1.1;192;24.2060;1.5985;;
ec1.1;193;24.2207;1.5689;;
ec1.1;194;24.2351;1.5399;;
ec1.1;195;24.2493;1.5114;;
ec1.1;196;24.2633;1.4835;;
ec1.1;197;24.2769;1.4560;;
ec1.1;198;24.2903;1.4292;;
ec1.1;199;24.3034;1.4028;;
ec1.1;200;24.3163;1.3771;;
ec1.1;201;24.3289;1.3517;;
ec1.1;202;24.3413;1.3268;;
ec1.1;203;24.3536;1.3022;;
ec1.1;204;24.3656;1.2781;;
ec1.1;205;24.3774;1.2545;;
ec1.1;206;24.3890;1.2312;;
ec1.1;207;24.4004;1.2084;;
ec1.1;208;24.4115;1.1859;;
ec1.1;209;24.4225;1.1639;;
ec1.1;210;24.4333;1.1424;;
ec1.1;211;24.4438;1.1212;;
ec1.1;212;24.4541;1.1004;;
ec1.1;213;24.4643;1.0802;;
ec1.1;214;24.4742;1.0602;;
ec1.1;215;24.4840;1.0406;;
ec1.1;216;24.4936;1.0214;;
ec1.1;217;24.5030;1.0024;;
ec1.1;218;24.5123;0.9838;;
ec1.1;219;24.5214;0.9655;;
ec1.1;220;24.5304;0.9476;;
ec1.1;221;24.5391;0.9300;;
ec1.1;222;24.5478;0.9127;;
ec1.1;223;24.5562;0.8957;;
ec1.1;224;24.5645;0.8791;;
ec1.1;225;24.5727;0.8628;;
ec1.1;226;24.5806;0.8468;;
ec1.1;227;24.5884;0.8311;;
ec1.1;228;24.5961;0.8158;;
ec1.1;229;24.6036;0.8006;;
ec1.1;230;24.6110;0.7858;;
ec1.1;231;24.6183;0.7712;;
ec1.1;232;24.6255;0.7568;;
ec1.1;233;24.6325;0.7427;;
ec1.1;234;24.6394;0.7289;;
ec1.1;235;24.6462;0.7153;;
ec1.1;236;24.6528;0.7020;;
ec1.1;237;24.6593;0.6889;;
ec1.1;238;24.6657;0.6761;;
ec1.1;239;24.6720;0.6635;;
ec1.1;240;24.6781;0.6513;;
ec1.1;241;24.6841;0.6392;;
ec1.1;242;24.6900;0.6273;;
ec1.1;243;24.6959;0.6157;;
ec1.1;244;24.7016;0.6042;;
ec1.1;245;24.7072;0.5930;;
ec1.1;246;24.7127;0.5819;;
ec1.1;247;24.7181;0.5710;;
ec1.1;248;24.7234;0.5604;;
ec1.1;249;24.7286;0.5499;;
ec1.1;250;24.7338;0.5397;;
ec1.1;251;24.7388;0.5296;;
ec1.1;252;24.7437;0.5198;;
ec1.1;253;24.7485;0.5101;;
ec1.1;254;24.7532;0.5007;;
ec1.1;255;24.7579;0.4914;;
ec1.1;256;24.7624;0.4822;;
ec1.1;257;24.7669;0.4732;;
ec1.1;258;24.7713;0.4644;;
ec1.1;259;24.7756;0.4557;;
ec1.1;260;24.7799;0.4472;;
ec1.1;261;24.7840;0.4389;;
ec1.1;262;24.7881;0.4307;;
ec1.1;263;24.7921;0.4226;;
ec1.1;264;24.7961;0.4147;;
ec1.1;265;24.7999;0.4070;;
ec1.1;266;24.8037;0.3994;;
ec1.1;267;24.8074;0.3920;;
ec1.1;268;24.8110;0.3848;;
ec1.1;269;24.8146;0.3776;;
ec1.1;270;24.8181;0.3706;;
ec1.1;271;24.8216;0.3636;;
ec1.1;272;24.8249;0.3569;;
ec1.1;273;24.8283;0.3502;;
ec1.1;274;24.8315;0.3436;;
ec1.1;275;24.8347;0.3372;;
ec1.1;276;24.8379;0.3309;;
ec1.1;277;24.8410;0.3247;;
ec1.1;278;24.8440;0.3187;;
ec1.1;279;24.8470;0.3127;;
ec1.1;280;24.8499;0.3069;;
ec1.1;281;24.8527;0.3012;;
ec1.1;282;24.8555;0.2956;;
ec1.1;283;24.8582;0.2901;;
ec1.1;284;24.8609;0.2847;;
ec1.1;285;24.8636;0.2794;;
ec1.1;286;24.8662;0.2741;;
ec1.1;287;24.8688;0.2690;;
ec1.1;288;24.8713;0.2640;;
ec1.1;289;24.8737;0.2590;;
ec1.1;290;24.8762;0.2542;;
ec1.1;291;24.8785;0.2494;;
ec1.1;292;24.8808;0.2448;;
ec1.1;293;24.8831;0.2402;;
ec1.1;294;24.8854;0.2358;;
ec1.1;295;24.8875;0.2314;;
ec1.1;296;24.8897;0.2271;;
ec1.1;297;24.8918;0.2228;;
ec1.1;298;24.8939;0.2187;;
ec1.1;299;24.8959;0.2146;;
ec1.2;0;1.0000;100.0000;;
ec1.2;1;1.4637;98.2426;;
ec1.2;2;1.9231;96.1949;;
ec1.2;3;2.3769;93.9398;;
ec1.2;4;2.8249;91.4772;;
ec1.2;5;3.2670;88.8193;;
ec1.2;6;3.7017;86.0723;;
ec1.2;7;4.1289;83.2450;;
ec1.2;8;4.5486;80.3365;;
ec1.2;9;4.9600;77.4280;;
ec1.2;10;5.3627;74.5467;;
ec1.2;11;5.7568;71.6896;;
ec1.2;12;6.1421;68.8883;;
ec1.2;13;6.5185;66.1783;;
ec1.2;14;6.8859;63.5596;;
ec1.2;15;7.2444;61.0311;;
ec1.2;16;7.5942;58.6154;;
ec1.2;17;7.9353;56.3144;;
ec1.2;18;8.2677;54.1270;;
ec1.2;19;8.5919;52.0492;;
ec1.2;20;8.9081;50.0814;;
ec1.2;21;9.2163;48.2237;;
ec1.2;22;9.5167;46.4735;;
ec1.2;23;9.8099;44.8177;;
ec1.2;24;10.0961;43.2546;;
ec1.2;25;10.3753;41.7843;;
ec1.2;26;10.6477;40.4019;;
ec1.2;27;10.9140;39.0923;;
ec1.2;28;11.1742;37.8552;;
ec1.2;29;11.4284;36.6907;;
ec1.2;30;11.6767;35.5943;;
ec1.2;31;11.9199;34.5519;;
ec1.2;32;12.1580;33.5634;;
ec1.2;33;12.3909;32.6289;;
ec1.2;34;12.6188;31.7474;;
ec1.2;35;12.8423;30.9061;;
ec1.2;36;13.0614;30.1034;;
ec1.2;37;13.2762;29.3393;;
ec1.2;38;13.4866;28.6144;;
ec1.2;39;13.6929;27.9241;;
ec1.2;40;13.8956;27.2608;;
ec1.2;41;14.0947;26.6243;;
ec1.2;42;14.2901;26.0147;;
ec1.2;43;14.4818;25.4319;;
ec1.2;44;14.6700;24.8751;;
ec1.2;45;14.8551;24.3366;;
ec1.2;46;15.0371;23.8164;;
ec1.2;47;15.2161;23.3144;;
ec1.2;48;15.3919;22.8307;;
ec1.2;49;15.5647;22.3657;;
ec1.2;50;15.7345;21.9170;;
ec1.2;51;15.9017;21.4806;;
ec1.2;52;16.0663;21.0565;;
ec1.2;53;16.2282;20.6447;;
ec1.2;54;16.3875;20.2452;;
ec1.2;55;16.5442;19.8580;;
ec1.2;56;16.6982;19.4837;;
ec1.2;57;16.8499;19.1188;;
ec1.2;58;16.9993;18.7622;;
ec1.2;59;17.1464;18.4139;;
ec1.2;60;17.2913;18.0740;;
ec1.2;61;17.4339;17.7425;;
ec1.2;62;17.5743;17.4193;;
ec1.2;63;17.7124;17.1044;;
ec1.2;64;17.8482;16.7981;;
ec1.2;65;17.9821;16.4978;;
ec1.2;66;18.1140;16.2032;;
ec1.2;67;18.2440;15.9144;;
ec1.2;68;18.3720;15.6315;;
ec1.2;69;18.4980;15.3543;;
ec1.2;70;18.6221;15.0830;;
ec1.2;71;18.7443;14.8175;;
ec1.2;72;18.8644;14.5578;;
ec1.2;73;18.9826;14.3042;;
ec1.2;74;19.0991;14.0548;;
ec1.2;75;19.2140;13.8096;;
ec1.2;76;19.3271;13.5687;;
ec1.2;77;19.4386;13.3320;;
ec1.2;78;19.5483;13.0996;;
ec1.2;79;19.6564;12.8714;;
ec1.2;80;19.7628;12.6474;;
ec1.2;81;19.8675;12.4277;;
ec1.2;82;19.9705;12.2122;;
ec1.2;83;20.0718;12.0013;;
ec1.2;84;20.1715;11.7940;;
ec1.2;85;20.2698;11.5899;;
ec1.2;86;20.3666;11.3891;;
ec1.2;87;20.4620;11.1916;;
ec1.2;88;20.5560;10.9972;;
ec1.2;89;20.6485;10.8062;;
ec1.2;90;20.7396;10.6183;;
ec1.2;91;20.8292;10.4338;;
ec1.2;92;20.9174;10.2525;;
ec1.2;93;21.0041;10.0744;;
ec1.2;94;21.0895;9.8996;;
ec1.2;95;21.1732;9.7283;;
ec1.2;96;21.2557;9.5597;;
ec1.2;97;21.3370;9.3937;;
ec1.2;98;21.4171;9.2303;;
ec1.2;99;21.4960;9.0695;;
ec1.2;100;21.5737;8.9112;;
ec1.2;101;21.6501;8.7555;;
ec1.2;102;21.7254;8.6024;;
ec1.2;103;21.7994;8.4518;;
ec1.2;104;21.8722;8.3038;;
ec1.2;105;21.9438;8.1584;;
ec1.2;106;22.0142;8.0155;;
ec1.2;107;22.0834;7.8753;;
ec1.2;108;22.1513;7.7378;;
ec1.2;109;22.2181;7.6025;;
ec1.2;110;22.2839;7.4693;;
ec1.2;111;22.3488;7.3382;;
ec1.2;112;22.4126;7.2091;;
ec1.2;113;22.4754;7.0821;;
ec1.2;114;22.5372;6.9571;;
ec1.2;115;22.5980;6.8342;;
ec1.2;116;22.6579;6.7134;;
ec1.2;117;22.7167;6.5946;;
ec1.2;118;22.7745;6.4779;;
ec1.2;119;22.8314;6.3632;;
ec1.2;120;22.8872;6.2506;;
ec1.2;121;22.9420;6.1400;;
ec1.2;122;22.9958;6.0317;;
ec1.2;123;23.0487;5.9251;;
ec1.2;124;23.1008;5.8201;;
ec1.2;125;23.1521;5.7168;;
ec1.2;126;23.2026;5.6151;;
ec1.2;127;23.2523;5.5150;;
ec1.2;128;23.3012;5.4166;;
ec1.2;129;23.3493;5.3199;;
ec1.2;130;23.3965;5.2248;;
ec1.2;131;23.4430;5.1313;;
ec1.2;132;23.4886;5.0395;;
ec1.2;133;23.5334;4.9493;;
ec1.2;134;23.5775;4.8608;;
ec1.2;135;23.6206;4.7740;;
ec1.2;136;23.6630;4.6889;;
ec1.2;137;23.7046;4.6052;;
ec1.2;138;23.7457;4.5227;;
ec1.2;139;23.7860;4.4416;;
ec1.2;140;23.8258;4.3618;;
ec1.2;141;23.8648;4.2833;;
ec1.2;142;23.9033;4.2061;;
ec1.2;143;23.9410;4.1303;;
ec1.2;144;23.9781;4.0557;;
ec1.2;145;24.0146;3.9825;;
ec1.2;146;24.0504;3.9106;;
ec1.2;147;24.0856;3.8400;;
ec1.2;148;24.1201;3.7707;;
ec1.2;149;24.1539;3.7027;;
ec1.2;150;24.1871;3.6362;;
ec1.2;151;24.2198;3.5707;;
ec1.2;152;24.2519;3.5062;;
ec1.2;153;24.2835;3.4427;;
ec1.2;154;24.3146;3.3803;;
ec1.2;155;24.3452;3.3190;;
ec1.2;156;24.3752;3.2587;;
ec1.2;157;24.4047;3.1994;;
ec1.2;158;24.4338;3.1412;;
ec1.2;159;24.4623;3.0841;;
ec1.2;160;24.4902;3.0279;;
ec1.2;161;24.5177;2.9729;;
ec1.2;162;24.5446;2.9188;;
ec1.2;163;24.5710;2.8659;;
ec1.2;164;24.5969;2.8140;;
ec1.2;165;24.6224;2.7629;;
ec1.2;166;24.6474;2.7127;;
ec1.2;167;24.6721;2.6632;;
ec1.2;168;24.6963;2.6146;;
ec1.2;169;24.7202;2.5668;;
ec1.2;170;24.7436;2.5199;;
ec1.2;171;24.7666;2.4738;;
ec1.2;172;24.7892;2.4285;;
ec1.2;173;24.8114;2.3840;;
ec1.2;174;24.8331;2.3404;;
ec1.2;175;24.8545;2.2975;;
ec1.2;176;24.8754;2.2555;;
ec1.2;177;24.8959;2.2145;;
ec1.2;178;24.9161;2.1741;;
ec1.2;179;24.9359;2.1344;;
ec1.2;180;24.9554;2.0953;;
ec1.2;181;24.9745;2.0569;;
ec1.2;182;24.9934;2.0192;;
ec1.2;183;25.0119;1.9821;;
ec1.2;184;25.0301;1.9456;;
ec1.2;185;25.0479;1.9098;;
ec1.2;186;25.0655;1.8747;;
ec1.2;187;25.0827;1.8402;;
ec1.2;188;25.0996;1.8063;;
ec1.2;189;25.1161;1.7731;;
ec1.2;190;25.1324;1.7406;;
ec1.2;191;25.1483;1.7088;;
ec1.2;192;25.1639;1.6774;;
ec1.2;193;25.1793;1.6467;;
ec1.2;194;25.1944;1.6164;;
ec1.2;195;25.2092;1.5866;;
ec1.2;196;25.2238;1.5573;;
ec1.2;197;25.2382;1.5286;;
ec1.2;198;25.2523;1.5004;;
ec1.2;199;25.2661;1.4726;;
ec1.2;200;25.2797;1.4454;;
ec1.2;201;25.2930;1.4187;;
ec1.2;202;25.3061;1.3925;;
ec1.2;203;25.3189;1.3669;;
ec1.2;204;25.3314;1.3418;;
ec1.2;205;25.3437;1.3171;;
ec1.2;206;25.3558;1.2929;;
ec1.2;207;25.3677;1.2690;;
ec1.2;208;25.3794;1.2456;;
ec1.2;209;25.3909;1.2226;;
ec1.2;210;25.4022;1.1999;;
ec1.2;211;25.4133;1.1777;;
ec1.2;212;25.4242;1.1559;;
ec1.2;213;25.4349;1.1345;;
ec1.2;214;25.4454;1.1134;;
ec1.2;215;25.4557;1.0928;;
ec1.2;216;25.4658;1.0726;;
ec1.2;217;25.4757;1.0528;;
ec1.2;218;25.4854;1.0334;;
ec1.2;219;25.4949;1.0144;;
ec1.2;220;25.5042;0.9956;;
ec1.2;221;25.5134;0.9772;;
ec1.2;222;25.5225;0.9591;;
ec1.2;223;25.5313;0.9413;;
ec1.2;224;25.5401;0.9238;;
ec1.2;225;25.5486;0.9067;;
ec1.2;226;25.5571;0.8898;;
ec1.2;227;25.5653;0.8733;;
ec1.2;228;25.5734;0.8571;;
ec1.2;229;25.5813;0.8412;;
ec1.2;230;25.5891;0.8256;;
ec1.2;231;25.5967;0.8103;;
ec1.2;232;25.6042;0.7954;;
ec1.2;233;25.6116;0.7807;;
ec1.2;234;25.6188;0.7662;;
ec1.2;235;25.6259;0.7520;;
ec1.2;236;25.6328;0.7380;;
ec1.2;237;25.6397;0.7243;;
ec1.2;238;25.6464;0.7108;;
ec1.2;239;25.6530;0.6976;;
ec1.2;240;25.6595;0.6846;;
ec1.2;241;25.6659;0.6719;;
ec1.2;242;25.6721;0.6594;;
ec1.2;243;25.6782;0.6471;;
ec1.2;244;25.6842;0.6351;;
ec1.2;245;25.6901;0.6234;;
ec1.2;246;25.6958;0.6119;;
ec1.2;247;25.7015;0.6005;;
ec1.2;248;25.7071;0.5894;;
ec1.2;249;25.7126;0.5784;;
ec1.2;250;25.7179;0.5676;;
ec1.2;251;25.7232;0.5570;;
ec1.2;252;25.7284;0.5467;;
ec1.2;253;25.7335;0.5365;;
ec1.2;254;25.7385;0.5265;;
ec1.2;255;25.7434;0.5167;;
ec1.2;256;25.7482;0.5070;;
ec1.2;257;25.7529;0.4976;;
ec1.2;258;25.7575;0.4884;;
ec1.2;259;25.7620;0.4794;;
ec1.2;260;25.7664;0.4705;;
ec1.2;261;25.7708;0.4617;;
ec1.2;262;25.7751;0.4531;;
ec1.2;263;25.7793;0.4447;;
ec1.2;264;25.7835;0.4364;;
ec1.2;265;25.7875;0.4283;;
ec1.2;266;25.7915;0.4203;;
ec1.2;267;25.7954;0.4124;;
ec1.2;268;25.7993;0.4047;;
ec1.2;269;25.8031;0.3972;;
ec1.2;270;25.8067;0.3898;;
ec1.2;271;25.8104;0.3826;;
ec1.2;272;25.8139;0.3755;;
ec1.2;273;25.8174;0.3685;;
ec1.2;274;25.8208;0.3616;;
ec1.2;275;25.8242;0.3549;;
ec1.2;276;25.8275;0.3483;;
ec1.2;277;25.8307;0.3418;;
ec1.2;278;25.8339;0.3354;;
ec1.2;279;25.8370;0.3291;;
ec1.2;280;25.8401;0.3230;;
ec1.2;281;25.8431;0.3170;;
ec1.2;282;25.8461;0.3110;;
ec1.2;283;25.8490;0.3052;;
ec1.2;284;25.8518;0.2996;;
ec1.2;285;25.8546;0.2940;;
ec1.2;286;25.8573;0.2886;;
ec1.2;287;25.8600;0.2832;;
ec1.2;288;25.8626;0.2779;;
ec1.2;289;25.8652;0.2727;;
ec1.2;290;25.8677;0.2676;;
ec1.2;291;25.8702;0.2626;;
ec1.2;292;25.8727;0.2577;;
ec1.2;293;25.8751;0.2529;;
ec1.2;294;25.8775;0.2482;;
ec1.2;295;25.8798;0.2435;;
ec1.2;296;25.8820;0.2390;;
ec1.2;297;25.8843;0.2346;;
ec1.2;298;25.8865;0.2302;;
ec1.2;299;25.8886;0.2259;;
ec1.3;0;2.0000;100.0000;;
ec1.3;1;2.4629;97.5834;;
ec1.3;2;2.9201;94.9217;;
ec1.3;3;3.3702;92.1289;;
ec1.3;4;3.8132;89.2050;;
ec1.3;5;4.2489;86.1618;;
ec1.3;6;4.6762;83.1013;;
ec1.3;7;5.0950;80.0366;;
ec1.3;8;5.5053;76.9682;;
ec1.3;9;5.9066;73.9632;;
ec1.3;10;6.2989;71.0380;;
ec1.3;11;6.6820;68.1898;;
ec1.3;12;7.0560;65.4459;;
ec1.3;13;7.4210;62.8212;;
ec1.3;14;7.7769;60.3153;;
ec1.3;15;8.1240;57.9264;;
ec1.3;16;8.4626;55.6616;;
ec1.3;17;8.7928;53.5210;;
ec1.3;18;9.1145;51.5025;;
ec1.3;19;9.4285;49.5946;;
ec1.3;20;9.7349;47.7960;;
ec1.3;21;10.0337;46.1066;;
ec1.3;22;10.3253;44.5193;;
ec1.3;23;10.6102;43.0196;;
ec1.3;24;10.8886;41.6076;;
ec1.3;25;11.1603;40.2839;;
ec1.3;26;11.4260;39.0360;;
ec1.3;27;11.6860;37.8544;;
ec1.3;28;11.9405;36.7393;;
ec1.3;29;12.1893;35.6912;;
ec1.3;30;12.4329;34.6998;;
ec1.3;31;12.6718;33.7565;;
ec1.3;32;12.9060;32.8614;;
ec1.3;33;13.1353;32.0144;;
ec1.3;34;13.3601;31.2134;;
ec1.3;35;13.5809;30.4466;;
ec1.3;36;13.7977;29.7134;;
ec1.3;37;14.0104;29.0140;;
ec1.3;38;14.2192;28.3488;;
ec1.3;39;14.4242;27.7137;;
ec1.3;40;14.6258;27.1016;;
ec1.3;41;14.8240;26.5125;;
ec1.3;42;15.0189;25.9464;;
ec1.3;43;15.2104;25.4032;;
ec1.3;44;15.3985;24.8832;;
ec1.3;45;15.5837;24.3793;;
ec1.3;46;15.7661;23.8909;;
ec1.3;47;15.9455;23.4178;;
ec1.3;48;16.1221;22.9602;;
ec1.3;49;16.2958;22.5179;;
ec1.3;50;16.4667;22.0914;;
ec1.3;51;16.6349;21.6762;;
ec1.3;52;16.8008;21.2713;;
ec1.3;53;16.9641;20.8767;;
ec1.3;54;17.1250;20.4923;;
ec1.3;55;17.2833;20.1182;;
ec1.3;56;17.4393;19.7543;;
ec1.3;57;17.5927;19.4012;;
ec1.3;58;17.7439;19.0559;;
ec1.3;59;17.8929;18.7176;;
ec1.3;60;18.0398;18.3863;;
ec1.3;61;18.1845;18.0620;;
ec1.3;62;18.3271;17.7446;;
ec1.3;63;18.4676;17.4342;;
ec1.3;64;18.6059;17.1309;;
ec1.3;65;18.7420;16.8348;;
ec1.3;66;18.8761;16.5449;;
ec1.3;67;19.0083;16.2600;;
ec1.3;68;19.1386;15.9800;;
ec1.3;69;19.2671;15.7050;;
ec1.3;70;19.3937;15.4350;;
ec1.3;71;19.5184;15.1699;;
ec1.3;72;19.6412;14.9098;;
ec1.3;73;19.7622;14.6547;;
ec1.3;74;19.8813;14.4046;;
ec1.3;75;19.9984;14.1597;;
ec1.3;76;20.1139;13.9190;;
ec1.3;77;20.2277;13.6821;;
ec1.3;78;20.3400;13.4489;;
ec1.3;79;20.4505;13.2194;;
ec1.3;80;20.5595;12.9937;;
ec1.3;81;20.6668;12.7718;;
ec1.3;82;20.7726;12.5535;;
ec1.3;83;20.8767;12.3391;;
ec1.3;84;20.9791;12.1284;;
ec1.3;85;21.0800;11.9214;;
ec1.3;86;21.1792;11.7183;;
ec1.3;87;21.2768;11.5190;;
ec1.3;88;21.3730;11.3225;;
ec1.3;89;21.4678;11.1290;;
ec1.3;90;21.5612;10.9385;;
ec1.3;91;21.6532;10.7510;;
ec1.3;92;21.7439;10.5664;;
ec1.3;93;21.8332;10.3847;;
ec1.3;94;21.9211;10.2060;;
ec1.3;95;22.0076;10.0303;;
ec1.3;96;22.0927;9.8575;;
ec1.3;97;22.1765;9.6877;;
ec1.3;98;22.2589;9.5208;;
ec1.3;99;22.3398;9.3571;;
ec1.3;100;22.4194;9.1962;;
ec1.3;101;22.4978;9.0377;;
ec1.3;102;22.5751;8.8815;;
ec1.3;103;22.6512;8.7277;;
ec1.3;104;22.7262;8.5763;;
ec1.3;105;22.8000;8.4273;;
ec1.3;106;22.8726;8.2807;;
ec1.3;107;22.9441;8.1364;;
ec1.3;108;23.0145;7.9945;;
ec1.3;109;23.0837;7.8550;;
ec1.3;110;23.1517;7.7179;;
ec1.3;111;23.2186;7.5832;;
ec1.3;112;23.2843;7.4509;;
ec1.3;113;23.3488;7.3211;;
ec1.3;114;23.4123;7.1935;;
ec1.3;115;23.4748;7.0677;;
ec1.3;116;23.5363;6.9439;;
ec1.3;117;23.5970;6.8220;;
ec1.3;118;23.6566;6.7020;;
ec1.3;119;23.7154;6.5840;;
ec1.3;120;23.7731;6.4678;;
ec1.3;121;23.8300;6.3536;;
ec1.3;122;23.8858;6.2413;;
ec1.3;123;23.9408;6.1310;;
ec1.3;124;23.9948;6.0225;;
ec1.3;125;24.0478;5.9160;;
ec1.3;126;24.0999;5.8114;;
ec1.3;127;24.1510;5.7089;;
ec1.3;128;24.2012;5.6081;;
ec1.3;129;24.2506;5.5088;;
ec1.3;130;24.2993;5.4111;;
ec1.3;131;24.3473;5.3149;;
ec1.3;132;24.3944;5.2203;;
ec1.3;133;24.4408;5.1272;;
ec1.3;134;24.4864;5.0357;;
ec1.3;135;24.5313;4.9457;;
ec1.3;136;24.5754;4.8573;;
ec1.3;137;24.6187;4.7704;;
ec1.3;138;24.6613;4.6850;;
ec1.3;139;24.7031;4.6012;;
ec1.3;140;24.7441;4.5189;;
ec1.3;141;24.7843;4.4383;;
ec1.3;142;24.8238;4.3591;;
ec1.3;143;24.8627;4.2811;;
ec1.3;144;24.9010;4.2044;;
ec1.3;145;24.9387;4.1289;;
ec1.3;146;24.9757;4.0546;;
ec1.3;147;25.0121;3.9816;;
ec1.3;148;25.0480;3.9098;;
ec1.3;149;25.0832;3.8392;;
ec1.3;150;25.1178;3.7699;;
ec1.3;151;25.1518;3.7018;;
ec1.3;152;25.1851;3.6349;;
ec1.3;153;25.2179;3.5693;;
ec1.3;154;25.2500;3.5049;;
ec1.3;155;25.2815;3.4418;;
ec1.3;156;25.3125;3.3798;;
ec1.3;157;25.3429;3.3188;;
ec1.3;158;25.3728;3.2588;;
ec1.3;159;25.4023;3.1998;;
ec1.3;160;25.4313;3.1418;;
ec1.3;161;25.4598;3.0847;;
ec1.3;162;25.4878;3.0286;;
ec1.3;163;25.5153;2.9735;;
ec1.3;164;25.5423;2.9194;;
ec1.3;165;25.5689;2.8662;;
ec1.3;166;25.5949;2.8140;;
ec1.3;167;25.6205;2.7629;;
ec1.3;168;25.6455;2.7126;;
ec1.3;169;25.6701;2.6635;;
ec1.3;170;25.6942;2.6152;;
ec1.3;171;25.7179;2.5677;;
ec1.3;172;25.7413;2.5209;;
ec1.3;173;25.7642;2.4749;;
ec1.3;174;25.7868;2.4297;;
ec1.3;175;25.8090;2.3853;;
ec1.3;176;25.8308;2.3416;;
ec1.3;177;25.8522;2.2987;;
ec1.3;178;25.8733;2.2566;;
ec1.3;179;25.8939;2.2153;;
ec1.3;180;25.9142;2.1747;;
ec1.3;181;25.9340;2.1350;;
ec1.3;182;25.9535;2.0960;;
ec1.3;183;25.9726;2.0578;;
ec1.3;184;25.9913;2.0202;;
ec1.3;185;26.0098;1.9833;;
ec1.3;186;26.0279;1.9470;;
ec1.3;187;26.0458;1.9113;;
ec1.3;188;26.0633;1.8762;;
ec1.3;189;26.0805;1.8417;;
ec1.3;190;26.0974;1.8078;;
ec1.3;191;26.1141;1.7745;;
ec1.3;192;26.1304;1.7418;;
ec1.3;193;26.1464;1.7098;;
ec1.3;194;26.1621;1.6783;;
ec1.3;195;26.1775;1.6475;;
ec1.3;196;26.1926;1.6173;;
ec1.3;197;26.2074;1.5877;;
ec1.3;198;26.2219;1.5586;;
ec1.3;199;26.2362;1.5300;;
ec1.3;200;26.2503;1.5018;;
ec1.3;201;26.2641;1.4741;;
ec1.3;202;26.2777;1.4469;;
ec1.3;203;26.2910;1.4202;;
ec1.3;204;26.3042;1.3940;;
ec1.3;205;26.3170;1.3682;;
ec1.3;206;26.3296;1.3429;;
ec1.3;207;26.3420;1.3181;;
ec1.3;208;26.3542;1.2938;;
ec1.3;209;26.3661;1.2700;;
ec1.3;210;26.3777;1.2467;;
ec1.3;211;26.3892;1.2238;;
ec1.3;212;26.4004;1.2012;;
ec1.3;213;26.4115;1.1791;;
ec1.3;214;26.4224;1.1573;;
ec1.3;215;26.4331;1.1359;;
ec1.3;216;26.4436;1.1148;;
ec1.3;217;26.4539;1.0942;;
ec1.3;218;26.4641;1.0739;;
ec1.3;219;26.4740;1.0540;;
ec1.3;220;26.4838;1.0345;;
ec1.3;221;26.4933;1.0153;;
ec1.3;222;26.5027;0.9966;;
ec1.3;223;26.5119;0.9782;;
ec1.3;224;26.5209;0.9602;;
ec1.3;225;26.5297;0.9425;;
ec1.3;226;26.5384;0.9250;;
ec1.3;227;26.5470;0.9079;;
ec1.3;228;26.5554;0.8911;;
ec1.3;229;26.5637;0.8746;;
ec1.3;230;26.5718;0.8583;;
ec1.3;231;26.5797;0.8424;;
ec1.3;232;26.5876;0.8267;;
ec1.3;233;26.5952;0.8114;;
ec1.3;234;26.6028;0.7963;;
ec1.3;235;26.6101;0.7815;;
ec1.3;236;26.6174;0.7671;;
ec1.3;237;26.6244;0.7529;;
ec1.3;238;26.6314;0.7390;;
ec1.3;239;26.6382;0.7253;;
ec1.3;240;26.6449;0.7119;;
ec1.3;241;26.6515;0.6987;;
ec1.3;242;26.6580;0.6857;;
ec1.3;243;26.6644;0.6730;;
ec1.3;244;26.6706;0.6604;;
ec1.3;245;26.6768;0.6481;;
ec1.3;246;26.6828;0.6361;;
ec1.3;247;26.6887;0.6242;;
ec1.3;248;26.6945;0.6126;;
ec1.3;249;26.7002;0.6013;;
ec1.3;250;26.7058;0.5902;;
ec1.3;251;26.7112;0.5792;;
ec1.3;252;26.7166;0.5685;;
ec1.3;253;26.7218;0.5580;;
ec1.3;254;26.7270;0.5476;;
ec1.3;255;26.7321;0.5374;;
ec1.3;256;26.7371;0.5274;;
ec1.3;257;26.7420;0.5176;;
ec1.3;258;26.7468;0.5079;;
ec1.3;259;26.7516;0.4985;;
ec1.3;260;26.7562;0.4892;;
ec1.3;261;26.7608;0.4801;;
ec1.3;262;26.7652;0.4712;;
ec1.3;263;26.7696;0.4624;;
ec1.3;264;26.7739;0.4539;;
ec1.3;265;26.7781;0.4455;;
ec1.3;266;26.7822;0.4372;;
ec1.3;267;26.7863;0.4291;;
ec1.3;268;26.7903;0.4211;;
ec1.3;269;26.7942;0.4132;;
ec1.3;270;26.7980;0.4055;;
ec1.3;271;26.8018;0.3979;;
ec1.3;272;26.8055;0.3905;;
ec1.3;273;26.8092;0.3832;;
ec1.3;274;26.8127;0.3761;;
ec1.3;275;26.8162;0.3691;;
ec1.3;276;26.8197;0.3622;;
ec1.3;277;26.8230;0.3555;;
ec1.3;278;26.8263;0.3489;;
ec1.3;279;26.8295;0.3424;;
ec1.3;280;26.8327;0.3361;;
ec1.3;281;26.8359;0.3298;;
ec1.3;282;26.8389;0.3237;;
ec1.3;283;26.8419;0.3176;;
ec1.3;284;26.8449;0.3117;;
ec1.3;285;26.8478;0.3059;;
ec1.3;286;26.8507;0.3002;;
ec1.3;287;26.8535;0.2946;;
ec1.3;288;26.8562;0.2891;;
ec1.3;289;26.8589;0.2837;;
ec1.3;290;26.8615;0.2784;;
ec1.3;291;26.8641;0.2732;;
ec1.3;292;26.8667;0.2682;;
ec1.3;293;26.8692;0.2632;;
ec1.3;294;26.8716;0.2583;;
ec1.3;295;26.8740;0.2535;;
ec1.3;296;26.8764;0.2487;;
ec1.3;297;26.8787;0.2441;;
ec1.3;298;26.8810;0.2396;;
ec1.3;299;26.8832;0.2351;;
ec1.4;0;3.0000;100.0000;;
ec1.4;1;3.4622;96.9352;;
ec1.4;2;3.9171;93.7052;;
ec1.4;3;4.3636;90.4190;;
ec1.4;4;4.8019;87.0742;;
ec1.4;5;5.2314;83.7139;;
ec1.4;6;5.6517;80.4084;;
ec1.4;7;6.0628;77.1550;;
ec1.4;8;6.4644;73.9831;;
ec1.4;9;6.8566;70.9305;;
ec1.4;10;7.2392;67.9956;;
ec1.4;11;7.6124;65.1855;;
ec1.4;12;7.9765;62.5170;;
ec1.4;13;8.3313;59.9901;;
ec1.4;14;8.6772;57.5991;;
ec1.4;15;9.0146;55.3425;;
ec1.4;16;9.3435;53.2205;;
ec1.4;17;9.6641;51.2310;;
ec1.4;18;9.9770;49.3577;;
ec1.4;19;10.2825;47.5973;;
ec1.4;20;10.5805;45.9500;;
ec1.4;21;10.8715;44.4065;;
ec1.4;22;11.1560;42.9511;;
ec1.4;23;11.4342;41.5838;;
ec1.4;24;11.7058;40.3052;;
ec1.4;25;11.9718;39.1000;;
ec1.4;26;12.2322;37.9601;;
ec1.4;27;12.4873;36.8856;;
ec1.4;28;12.7368;35.8771;;
ec1.4;29;12.9815;34.9218;;
ec1.4;30;13.2217;34.0132;;
ec1.4;31;13.4572;33.1510;;
ec1.4;32;13.6882;32.3357;;
ec1.4;33;13.9148;31.5634;;
ec1.4;34;14.1375;30.8232;;
ec1.4;35;14.3564;30.1151;;
ec1.4;36;14.5715;29.4391;;
ec1.4;37;14.7827;28.7958;;
ec1.4;38;14.9903;28.1801;;
ec1.4;39;15.1946;27.5860;;
ec1.4;40;15.3957;27.0135;;
ec1.4;41;15.5935;26.4625;;
ec1.4;42;15.7880;25.9330;;
ec1.4;43;15.9794;25.4252;;
ec1.4;44;16.1678;24.9325;;
ec1.4;45;16.3535;24.4540;;
ec1.4;46;16.5364;23.9896;;
ec1.4;47;16.7165;23.5396;;
ec1.4;48;16.8938;23.1037;;
ec1.4;49;17.0683;22.6826;;
ec1.4;50;17.2403;22.2725;;
ec1.4;51;17.4099;21.8717;;
ec1.4;52;17.5770;21.4803;;
ec1.4;53;17.7417;21.0984;;
ec1.4;54;17.9040;20.7259;;
ec1.4;55;18.0639;20.3628;;
ec1.4;56;18.2213;20.0094;;
ec1.4;57;18.3765;19.6645;;
ec1.4;58;18.5295;19.3259;;
ec1.4;59;18.6803;18.9938;;
ec1.4;60;18.8291;18.6680;;
ec1.4;61;18.9758;18.3487;;
ec1.4;62;19.1203;18.0359;;
ec1.4;63;19.2627;17.7294;;
ec1.4;64;19.4030;17.4294;;
ec1.4;65;19.5411;17.1362;;
ec1.4;66;19.6773;16.8480;;
ec1.4;67;19.8116;16.5645;;
ec1.4;68;19.9440;16.2857;;
ec1.4;69;20.0746;16.0114;;
ec1.4;70;20.2034;15.7419;;
ec1.4;71;20.3303;15.4769;;
ec1.4;72;20.4553;15.2167;;
ec1.4;73;20.5784;14.9610;;
ec1.4;74;20.6997;14.7100;;
ec1.4;75;20.8191;14.4639;;
ec1.4;76;20.9367;14.2220;;
ec1.4;77;21.0527;13.9837;;
ec1.4;78;21.1671;13.7490;;
ec1.4;79;21.2798;13.5178;;
ec1.4;80;21.3910;13.2902;;
ec1.4;81;21.5005;13.0662;;
ec1.4;82;21.6084;12.8458;;
ec1.4;83;21.7147;12.6290;;
ec1.4;84;21.8193;12.4157;;
ec1.4;85;21.9224;12.2060;;
ec1.4;86;22.0238;11.9999;;
ec1.4;87;22.1235;11.7976;;
ec1.4;88;22.2217;11.5987;;
ec1.4;89;22.3185;11.4026;;
ec1.4;90;22.4140;11.2094;;
ec1.4;91;22.5080;11.0190;;
ec1.4;92;22.6007;10.8316;;
ec1.4;93;22.6920;10.6470;;
ec1.4;94;22.7819;10.4653;;
ec1.4;95;22.8705;10.2865;;
ec1.4;96;22.9576;10.1105;;
ec1.4;97;23.0434;9.9375;;
ec1.4;98;23.1278;9.7673;;
ec1.4;99;23.2108;9.6000;;
ec1.4;100;23.2925;9.4355;;
ec1.4;101;23.3726;9.2742;;
ec1.4;102;23.4516;9.1152;;
ec1.4;103;23.5295;8.9586;;
ec1.4;104;23.6062;8.8043;;
ec1.4;105;23.6817;8.6524;;
ec1.4;106;23.7561;8.5027;;
ec1.4;107;23.8294;8.3555;;
ec1.4;108;23.9015;8.2105;;
ec1.4;109;23.9724;8.0679;;
ec1.4;110;24.0423;7.9277;;
ec1.4;111;24.1109;7.7898;;
ec1.4;112;24.1784;7.6542;;
ec1.4;113;24.2448;7.5210;;
ec1.4;114;24.3100;7.3901;;
ec1.4;115;24.3740;7.2617;;
ec1.4;116;24.4370;7.1353;;
ec1.4;117;24.4990;7.0108;;
ec1.4;118;24.5601;6.8882;;
ec1.4;119;24.6203;6.7675;;
ec1.4;120;24.6795;6.6487;;
ec1.4;121;24.7378;6.5318;;
ec1.4;122;24.7952;6.4168;;
ec1.4;123;24.8516;6.3037;;
ec1.4;124;24.9071;6.1925;;
ec1.4;125;24.9616;6.0831;;
ec1.4;126;25.0152;5.9757;;
ec1.4;127;25.0679;5.8702;;
ec1.4;128;25.1196;5.7665;;
ec1.4;129;25.1703;5.6649;;
ec1.4;130;25.2201;5.5650;;
ec1.4;131;25.2692;5.4667;;
ec1.4;132;25.3175;5.3698;;
ec1.4;133;25.3651;5.2745;;
ec1.4;134;25.4119;5.1807;;
ec1.4;135;25.4580;5.0884;;
ec1.4;136;25.5033;4.9977;;
ec1.4;137;25.5478;4.9085;;
ec1.4;138;25.5916;4.8208;;
ec1.4;139;25.6346;4.7346;;
ec1.4;140;25.6769;4.6499;;
ec1.4;141;25.7184;4.5668;;
ec1.4;142;25.7591;4.4852;;
ec1.4;143;25.7991;4.4053;;
ec1.4;144;25.8383;4.3267;;
ec1.4;145;25.8769;4.2494;;
ec1.4;146;25.9149;4.1733;;
ec1.4;147;25.9523;4.0984;;
ec1.4;148;25.9891;4.0248;;
ec1.4;149;26.0253;3.9523;;
ec1.4;150;26.0609;3.8811;;
ec1.4;151;26.0958;3.8111;;
ec1.4;152;26.1302;3.7423;;
ec1.4;153;26.1639;3.6748;;
ec1.4;154;26.1971;3.6084;;
ec1.4;155;26.2296;3.5433;;
ec1.4;156;26.2615;3.4794;;
ec1.4;157;26.2928;3.4168;;
ec1.4;158;26.3235;3.3553;;
ec1.4;159;26.3537;3.2948;;
ec1.4;160;26.3835;3.2353;;
ec1.4;161;26.4127;3.1767;;
ec1.4;162;26.4415;3.1191;;
ec1.4;163;26.4698;3.0625;;
ec1.4;164;26.4976;3.0069;;
ec1.4;165;26.5249;2.9522;;
ec1.4;166;26.5517;2.8985;;
ec1.4;167;26.5781;2.8457;;
ec1.4;168;26.6040;2.7939;;
ec1.4;169;26.6294;2.7431;;
ec1.4;170;26.6543;2.6933;;
ec1.4;171;26.6786;2.6445;;
ec1.4;172;26.7026;2.5966;;
ec1.4;173;26.7261;2.5494;;
ec1.4;174;26.7493;2.5030;;
ec1.4;175;26.7721;2.4574;;
ec1.4;176;26.7945;2.4125;;
ec1.4;177;26.8166;2.3684;;
ec1.4;178;26.8382;2.3251;;
ec1.4;179;26.8595;2.2825;;
ec1.4;180;26.8804;2.2408;;
ec1.4;181;26.9009;2.1997;;
ec1.4;182;26.9210;2.1595;;
ec1.4;183;26.9407;2.1200;;
ec1.4;184;26.9601;2.0812;;
ec1.4;185;26.9790;2.0433;;
ec1.4;186;26.9977;2.0061;;
ec1.4;187;27.0160;1.9694;;
ec1.4;188;27.0340;1.9334;;
ec1.4;189;27.0517;1.8979;;
ec1.4;190;27.0691;1.8631;;
ec1.4;191;27.0862;1.8288;;
ec1.4;192;27.1030;1.7952;;
ec1.4;193;27.1195;1.7622;;
ec1.4;194;27.1358;1.7297;;
ec1.4;195;27.1517;1.6979;;
ec1.4;196;27.1673;1.6667;;
ec1.4;197;27.1826;1.6361;;
ec1.4;198;27.1975;1.6061;;
ec1.4;199;27.2122;1.5767;;
ec1.4;200;27.2267;1.5478;;
ec1.4;201;27.2409;1.5194;;
ec1.4;202;27.2548;1.4915;;
ec1.4;203;27.2686;1.4640;;
ec1.4;204;27.2821;1.4370;;
ec1.4;205;27.2953;1.4105;;
ec1.4;206;27.3083;1.3844;;
ec1.4;207;27.3211;1.3588;;
ec1.4;208;27.3337;1.3337;;
ec1.4;209;27.3460;1.3091;;
ec1.4;210;27.3580;1.2850;;
ec1.4;211;27.3699;1.2613;;
ec1.4;212;27.3814;1.2381;;
ec1.4;213;27.3928;1.2154;;
ec1.4;214;27.4040;1.1930;;
ec1.4;215;27.4150;1.1710;;
ec1.4;216;27.4258;1.1494;;
ec1.4;217;27.4364;1.1281;;
ec1.4;218;27.4469;1.1073;;
ec1.4;219;27.4571;1.0868;;
ec1.4;220;27.4672;1.0666;;
ec1.4;221;27.4770;1.0469;;
ec1.4;222;27.4867;1.0275;;
ec1.4;223;27.4962;1.0085;;
ec1.4;224;27.5056;0.9898;;
ec1.4;225;27.5147;0.9715;;
ec1.4;226;27.5236;0.9537;;
ec1.4;227;27.5324;0.9361;;
ec1.4;228;27.5411;0.9188;;
ec1.4;229;27.5496;0.9018;;
ec1.4;230;27.5579;0.8851;;
ec1.4;231;27.5661;0.8687;;
ec1.4;232;27.5742;0.8526;;
ec1.4;233;27.5821;0.8367;;
ec1.4;234;27.5898;0.8212;;
ec1.4;235;27.5975;0.8059;;
ec1.4;236;27.6049;0.7910;;
ec1.4;237;27.6123;0.7763;;
ec1.4;238;27.6195;0.7619;;
ec1.4;239;27.6265;0.7479;;
ec1.4;240;27.6334;0.7341;;
ec1.4;241;27.6402;0.7205;;
ec1.4;242;27.6468;0.7072;;
ec1.4;243;27.6534;0.6940;;
ec1.4;244;27.6598;0.6811;;
ec1.4;245;27.6662;0.6685;;
ec1.4;246;27.6724;0.6561;;
ec1.4;247;27.6785;0.6438;;
ec1.4;248;27.6845;0.6319;;
ec1.4;249;27.6903;0.6201;;
ec1.4;250;27.6961;0.6086;;
ec1.4;251;27.7018;0.5973;;
ec1.4;252;27.7073;0.5862;;
ec1.4;253;27.7127;0.5754;;
ec1.4;254;27.7180;0.5648;;
ec1.4;255;27.7232;0.5543;;
ec1.4;256;27.7284;0.5440;;
ec1.4;257;27.7334;0.5339;;
ec1.4;258;27.7384;0.5239;;
ec1.4;259;27.7433;0.5142;;
ec1.4;260;27.7481;0.5046;;
ec1.4;261;27.7528;0.4952;;
ec1.4;262;27.7574;0.4860;;
ec1.4;263;27.7619;0.4769;;
ec1.4;264;27.7663;0.4681;;
ec1.4;265;27.7707;0.4594;;
ec1.4;266;27.7749;0.4509;;
ec1.4;267;27.7791;0.4425;;
ec1.4;268;27.7832;0.4343;;
ec1.4;269;27.7872;0.4263;;
ec1.4;270;27.7912;0.4183;;
ec1.4;271;27.7951;0.4105;;
ec1.4;272;27.7989;0.4029;;
ec1.4;273;27.8027;0.3954;;
ec1.4;274;27.8064;0.3880;;
ec1.4;275;27.8100;0.3808;;
ec1.4;276;27.8135;0.3737;;
ec1.4;277;27.8170;0.3667;;
ec1.4;278;27.8204;0.3599;;
ec1.4;279;27.8238;0.3532;;
ec1.4;280;27.8270;0.3467;;
ec1.4;281;27.8302;0.3402;;
ec1.4;282;27.8334;0.3339;;
ec1.4;283;27.8365;0.3277;;
ec1.4;284;27.8396;0.3216;;
ec1.4;285;27.8426;0.3156;;
ec1.4;286;27.8455;0.3097;;
ec1.4;287;27.8484;0.3039;;
ec1.4;288;27.8512;0.2982;;
ec1.4;289;27.8540;0.2927;;
ec1.4;290;27.8567;0.2872;;
ec1.4;291;27.8594;0.2819;;
ec1.4;292;27.8620;0.2766;;
ec1.4;293;27.8646;0.2715;;
ec1.4;294;27.8671;0.2664;;
ec1.4;295;27.8696;0.2615;;
ec1.4;296;27.8720;0.2566;;
ec1.4;297;27.8744;0.2519;;
ec1.4;298;27.8768;0.2472;;
ec1.4;299;27.8791;0.2426;;
ec1.5;0;4.0000;100.0000;;
ec1.5;1;4.4614;96.2978;;
ec1.5;2;4.9141;92.5285;;
ec1.5;3;5.3572;88.7887;;
ec1.5;4;5.7908;85.0760;;
ec1.5;5;6.2145;81.4523;;
ec1.5;6;6.6282;77.9468;;
ec1.5;7;7.0319;74.5598;;
ec1.5;8;7.4256;71.3277;;
ec1.5;9;7.8093;68.2562;;
ec1.5;10;8.1831;65.3418;;
ec1.5;11;8.5476;62.5922;;
ec1.5;12;8.9026;60.0081;;
ec1.5;13;9.2485;57.5843;;
ec1.5;14;9.5858;55.3078;;
ec1.5;15;9.9146;53.1782;;
ec1.5;16;10.2350;51.1937;;
ec1.5;17;10.5478;49.3330;;
ec1.5;18;10.8532;47.5909;;
ec1.5;19;11.1512;45.9679;;
ec1.5;20;11.4423;44.4510;;
ec1.5;21;11.7271;43.0244;;
ec1.5;22;12.0056;41.6879;;
ec1.5;23;12.2778;40.4416;;
ec1.5;24;12.5445;39.2669;;
ec1.5;25;12.8058;38.1578;;
ec1.5;26;13.0619;37.1144;;
ec1.5;27;13.3126;36.1364;;
ec1.5;28;13.5588;35.2085;;
ec1.5;29;13.8005;34.3265;;
ec1.5;30;14.0377;33.4905;;
ec1.5;31;14.2704;32.7013;;
ec1.5;32;14.4991;31.9506;;
ec1.5;33;14.7240;31.2312;;
ec1.5;34;14.9452;30.5429;;
ec1.5;35;15.1626;29.8859;;
ec1.5;36;15.3762;29.2607;;
ec1.5;37;15.5865;28.6599;;
ec1.5;38;15.7937;28.0797;;
ec1.5;39;15.9976;27.5201;;
ec1.5;40;16.1984;26.9811;;
ec1.5;41;16.3959;26.4628;;
ec1.5;42;16.5904;25.9645;;
ec1.5;43;16.7821;25.4798;;
ec1.5;44;16.9711;25.0084;;
ec1.5;45;17.1573;24.5506;;
ec1.5;46;17.3409;24.1061;;
ec1.5;47;17.5216;23.6751;;
ec1.5;48;17.6997;23.2580;;
ec1.5;49;17.8752;22.8507;;
ec1.5;50;18.0484;22.4522;;
ec1.5;51;18.2192;22.0625;;
ec1.5;52;18.3876;21.6817;;
ec1.5;53;18.5536;21.3096;;
ec1.5;54;18.7172;20.9464;;
ec1.5;55;18.8784;20.5923;;
ec1.5;56;19.0373;20.2463;;
ec1.5;57;19.1940;19.9063;;
ec1.5;58;19.3487;19.5723;;
ec1.5;59;19.5013;19.2444;;
ec1.5;60;19.6517;18.9225;;
ec1.5;61;19.8001;18.6066;;
ec1.5;62;19.9463;18.2968;;
ec1.5;63;20.0904;17.9930;;
ec1.5;64;20.2324;17.6955;;
ec1.5;65;20.3723;17.4035;;
ec1.5;66;20.5104;17.1159;;
ec1.5;67;20.6466;16.8328;;
ec1.5;68;20.7809;16.5541;;
ec1.5;69;20.9134;16.2798;;
ec1.5;70;21.0440;16.0100;;
ec1.5;71;21.1728;15.7446;;
ec1.5;72;21.2997;15.4836;;
ec1.5;73;21.4247;15.2271;;
ec1.5;74;21.5479;14.9750;;
ec1.5;75;21.6691;14.7276;;
ec1.5;76;21.7886;14.4841;;
ec1.5;77;21.9065;14.2440;;
ec1.5;78;22.0227;14.0075;;
ec1.5;79;22.1374;13.7744;;
ec1.5;80;22.2504;13.5448;;
ec1.5;81;22.3618;13.3187;;
ec1.5;82;22.4715;13.0961;;
ec1.5;83;22.5797;12.8769;;
ec1.5;84;22.6862;12.6613;;
ec1.5;85;22.7910;12.4491;;
ec1.5;86;22.8943;12.2405;;
ec1.5;87;22.9959;12.0353;;
ec1.5;88;23.0958;11.8338;;
ec1.5;89;23.1944;11.6352;;
ec1.5;90;23.2915;11.4395;;
ec1.5;91;23.3873;11.2465;;
ec1.5;92;23.4817;11.0564;;
ec1.5;93;23.5747;10.8692;;
ec1.5;94;23.6663;10.6848;;
ec1.5;95;23.7565;10.5032;;
ec1.5;96;23.8453;10.3245;;
ec1.5;97;23.9328;10.1486;;
ec1.5;98;24.0189;9.9756;;
ec1.5;99;24.1036;9.8054;;
ec1.5;100;24.1869;9.6380;;
ec1.5;101;24.2688;9.4736;;
ec1.5;102;24.3492;9.3121;;
ec1.5;103;24.4286;9.1529;;
ec1.5;104;24.5067;8.9961;;
ec1.5;105;24.5837;8.8416;;
ec1.5;106;24.6596;8.6894;;
ec1.5;107;24.7343;8.5395;;
ec1.5;108;24.8079;8.3919;;
ec1.5;109;24.8803;8.2467;;
ec1.5;110;24.9515;8.1038;;
ec1.5;111;25.0216;7.9632;;
ec1.5;112;25.0906;7.8250;;
ec1.5;113;25.1584;7.6891;;
ec1.5;114;25.2250;7.5555;;
ec1.5;115;25.2905;7.4242;;
ec1.5;116;25.3548;7.2955;;
ec1.5;117;25.4180;7.1688;;
ec1.5;118;25.4804;7.0439;;
ec1.5;119;25.5417;6.9210;;
ec1.5;120;25.6022;6.7999;;
ec1.5;121;25.6617;6.6807;;
ec1.5;122;25.7202;6.5634;;
ec1.5;123;25.7778;6.4480;;
ec1.5;124;25.8345;6.3345;;
ec1.5;125;25.8903;6.2229;;
ec1.5;126;25.9450;6.1132;;
ec1.5;127;25.9989;6.0053;;
ec1.5;128;26.0518;5.8994;;
ec1.5;129;26.1038;5.7953;;
ec1.5;130;26.1548;5.6933;;
ec1.5;131;26.2048;5.5930;;
ec1.5;132;26.2541;5.4943;;
ec1.5;133;26.3027;5.3971;;
ec1.5;134;26.3505;5.3014;;
ec1.5;135;26.3975;5.2073;;
ec1.5;136;26.4438;5.1146;;
ec1.5;137;26.4893;5.0235;;
ec1.5;138;26.5341;4.9339;;
ec1.5;139;26.5781;4.8459;;
ec1.5;140;26.6213;4.7593;;
ec1.5;141;26.6638;4.6743;;
ec1.5;142;26.7055;4.5908;;
ec1.5;143;26.7465;4.5088;;
ec1.5;144;26.7867;4.4284;;
ec1.5;145;26.8261;4.3495;;
ec1.5;146;26.8649;4.2719;;
ec1.5;147;26.9030;4.1955;;
ec1.5;148;26.9406;4.1203;;
ec1.5;149;26.9776;4.0463;;
ec1.5;150;27.0139;3.9736;;
ec1.5;151;27.0497;3.9020;;
ec1.5;152;27.0848;3.8317;;
ec1.5;153;27.1194;3.7626;;
ec1.5;154;27.1533;3.6947;;
ec1.5;155;27.1866;3.6280;;
ec1.5;156;27.2193;3.5625;;
ec1.5;157;27.2515;3.4983;;
ec1.5;158;27.2829;3.4353;;
ec1.5;159;27.3138;3.3736;;
ec1.5;160;27.3441;3.3128;;
ec1.5;161;27.3740;3.2530;;
ec1.5;162;27.4034;3.1942;;
ec1.5;163;27.4323;3.1364;;
ec1.5;164;27.4608;3.0795;;
ec1.5;165;27.4887;3.0235;;
ec1.5;166;27.5162;2.9686;;
ec1.5;167;27.5432;2.9146;;
ec1.5;168;27.5697;2.8616;;
ec1.5;169;27.5957;2.8095;;
ec1.5;170;27.6212;2.7584;;
ec1.5;171;27.6463;2.7083;;
ec1.5;172;27.6708;2.6592;;
ec1.5;173;27.6949;2.6111;;
ec1.5;174;27.7186;2.5637;;
ec1.5;175;27.7419;2.5171;;
ec1.5;176;27.7648;2.4712;;
ec1.5;177;27.7873;2.4262;;
ec1.5;178;27.8095;2.3818;;
ec1.5;179;27.8312;2.3383;;
ec1.5;180;27.8526;2.2955;;
ec1.5;181;27.8736;2.2535;;
ec1.5;182;27.8942;2.2122;;
ec1.5;183;27.9145;2.1717;;
ec1.5;184;27.9343;2.1320;;
ec1.5;185;27.9538;2.0931;;
ec1.5;186;27.9729;2.0549;;
ec1.5;187;27.9916;2.0175;;
ec1.5;188;28.0100;1.9807;;
ec1.5;189;28.0281;1.9444;;
ec1.5;190;28.0459;1.9088;;
ec1.5;191;28.0634;1.8738;;
ec1.5;192;28.0806;1.8394;;
ec1.5;193;28.0975;1.8056;;
ec1.5;194;28.1141;1.7724;;
ec1.5;195;28.1304;1.7397;;
ec1.5;196;28.1464;1.7077;;
ec1.5;197;28.1621;1.6763;;
ec1.5;198;28.1775;1.6455;;
ec1.5;199;28.1926;1.6153;;
ec1.5;200;28.2074;1.5858;;
ec1.5;201;28.2219;1.5568;;
ec1.5;202;28.2362;1.5282;;
ec1.5;203;28.2502;1.5001;;
ec1.5;204;28.2640;1.4725;;
ec1.5;205;28.2776;1.4454;;
ec1.5;206;28.2909;1.4187;;
ec1.5;207;28.3040;1.3925;;
ec1.5;208;28.3169;1.3668;;
ec1.5;209;28.3295;1.3416;;
ec1.5;210;28.3419;1.3168;;
ec1.5;211;28.3540;1.2925;;
ec1.5;212;28.3659;1.2687;;
ec1.5;213;28.3776;1.2454;;
ec1.5;214;28.3890;1.2225;;
ec1.5;215;28.4002;1.2000;;
ec1.5;216;28.4113;1.1779;;
ec1.5;217;28.4222;1.1562;;
ec1.5;218;28.4328;1.1348;;
ec1.5;219;28.4433;1.1138;;
ec1.5;220;28.4536;1.0932;;
ec1.5;221;28.4638;1.0729;;
ec1.5;222;28.4737;1.0531;;
ec1.5;223;28.4834;1.0336;;
ec1.5;224;28.4930;1.0144;;
ec1.5;225;28.5024;0.9957;;
ec1.5;226;28.5116;0.9773;;
ec1.5;227;28.5206;0.9593;;
ec1.5;228;28.5294;0.9416;;
ec1.5;229;28.5381;0.9243;;
ec1.5;230;28.5466;0.9072;;
ec1.5;231;28.5550;0.8904;;
ec1.5;232;28.5633;0.8739;;
ec1.5;233;28.5714;0.8577;;
ec1.5;234;28.5793;0.8417;;
ec1.5;235;28.5872;0.8261;;
ec1.5;236;28.5948;0.8108;;
ec1.5;237;28.6023;0.7957;;
ec1.5;238;28.6097;0.7810;;
ec1.5;239;28.6170;0.7665;;
ec1.5;240;28.6240;0.7523;;
ec1.5;241;28.6310;0.7385;;
ec1.5;242;28.6378;0.7248;;
ec1.5;243;28.6445;0.7114;;
ec1.5;244;28.6511;0.6982;;
ec1.5;245;28.6576;0.6853;;
ec1.5;246;28.6639;0.6725;;
ec1.5;247;28.6702;0.6600;;
ec1.5;248;28.6763;0.6477;;
ec1.5;249;28.6823;0.6357;;
ec1.5;250;28.6883;0.6239;;
ec1.5;251;28.6941;0.6123;;
ec1.5;252;28.6997;0.6009;;
ec1.5;253;28.7053;0.5898;;
ec1.5;254;28.7108;0.5789;;
ec1.5;255;28.7161;0.5682;;
ec1.5;256;28.7214;0.5576;;
ec1.5;257;28.7265;0.5473;;
ec1.5;258;28.7316;0.5371;;
ec1.5;259;28.7366;0.5271;;
ec1.5;260;28.7415;0.5173;;
ec1.5;261;28.7463;0.5077;;
ec1.5;262;28.7511;0.4982;;
ec1.5;263;28.7557;0.4889;;
ec1.5;264;28.7603;0.4798;;
ec1.5;265;28.7647;0.4709;;
ec1.5;266;28.7691;0.4622;;
ec1.5;267;28.7734;0.4536;;
ec1.5;268;28.7776;0.4452;;
ec1.5;269;28.7817;0.4370;;
ec1.5;270;28.7857;0.4289;;
ec1.5;271;28.7897;0.4209;;
ec1.5;272;28.7937;0.4130;;
ec1.5;273;28.7975;0.4053;;
ec1.5;274;28.8013;0.3978;;
ec1.5;275;28.8050;0.3904;;
ec1.5;276;28.8086;0.3831;;
ec1.5;277;28.8122;0.3759;;
ec1.5;278;28.8157;0.3689;;
ec1.5;279;28.8191;0.3621;;
ec1.5;280;28.8225;0.3554;;
ec1.5;281;28.8258;0.3488;;
ec1.5;282;28.8290;0.3423;;
ec1.5;283;28.8322;0.3360;;
ec1.5;284;28.8353;0.3297;;
ec1.5;285;28.8384;0.3236;;
ec1.5;286;28.8414;0.3175;;
ec1.5;287;28.8444;0.3116;;
ec1.5;288;28.8473;0.3058;;
ec1.5;289;28.8501;0.3001;;
ec1.5;290;28.8529;0.2945;;
ec1.5;291;28.8557;0.2890;;
ec1.5;292;28.8584;0.2836;;
ec1.5;293;28.8610;0.2783;;
ec1.5;294;28.8636;0.2732;;
ec1.5;295;28.8661;0.2681;;
ec1.5;296;28.8686;0.2631;;
ec1.5;297;28.8711;0.2582;;
ec1.5;298;28.8735;0.2534;;
ec1.5;299;28.8758;0.2487;;
ec2.1;0;0.0000;100.0000;;
ec2.1;1;0.4645;98.9122;;
ec2.1;2;0.9261;97.5228;;
ec2.1;3;1.3841;95.8385;;
ec2.1;4;1.8374;93.9071;;
ec2.1;5;2.2861;91.7198;;
ec2.1;6;2.7289;89.3382;;
ec2.1;7;3.1651;86.8213;;
ec2.1;8;3.5945;84.1691;;
ec2.1;9;4.0170;81.3969;;
ec2.1;10;4.4315;78.6018;;
ec2.1;11;4.8377;75.7915;;
ec2.1;12;5.2358;72.9632;;
ec2.1;13;5.6251;70.1757;;
ec2.1;14;6.0056;67.4543;;
ec2.1;15;6.3772;64.7982;;
ec2.1;16;6.7400;62.2154;;
ec2.1;17;7.0939;59.7370;;
ec2.1;18;7.4390;57.3632;;
ec2.1;19;7.7753;55.0917;;
ec2.1;20;8.1031;52.9266;;
ec2.1;21;8.4227;50.8709;;
ec2.1;22;8.7340;48.9246;;
ec2.1;23;9.0372;47.0837;;
ec2.1;24;9.3329;45.3396;;
ec2.1;25;9.6213;43.6919;;
ec2.1;26;9.9022;42.1410;;
ec2.1;27;10.1761;40.6780;;
ec2.1;28;10.4436;39.2926;;
ec2.1;29;10.7046;37.9848;;
ec2.1;30;10.9592;36.7553;;
ec2.1;31;11.2078;35.5936;;
ec2.1;32;11.4509;34.4909;;
ec2.1;33;11.6885;33.4471;;
ec2.1;34;11.9206;32.4627;;
ec2.1;35;12.1475;31.5321;;
ec2.1;36;12.3697;30.6446;;
ec2.1;37;12.5873;29.8000;;
ec2.1;38;12.8003;28.9983;;
ec2.1;39;13.0086;28.2400;;
ec2.1;40;13.2128;27.5149;;
ec2.1;41;13.4131;26.8202;;
ec2.1;42;13.6096;26.1559;;
ec2.1;43;13.8021;25.5219;;
ec2.1;44;13.9907;24.9186;;
ec2.1;45;14.1759;24.3385;;
ec2.1;46;14.3578;23.7793;;
ec2.1;47;14.5364;23.2410;;
ec2.1;48;14.7117;22.7237;;
ec2.1;49;14.8838;22.2275;;
ec2.1;50;15.0526;21.7513;;
ec2.1;51;15.2187;21.2893;;
ec2.1;52;15.3820;20.8416;;
ec2.1;53;15.5425;20.4081;;
ec2.1;54;15.7002;19.9889;;
ec2.1;55;15.8551;19.5840;;
ec2.1;56;16.0073;19.1937;;
ec2.1;57;16.1570;18.8137;;
ec2.1;58;16.3044;18.4434;;
ec2.1;59;16.4494;18.0828;;
ec2.1;60;16.5921;17.7319;;
ec2.1;61;16.7323;17.3908;;
ec2.1;62;16.8702;17.0593;;
ec2.1;63;17.0057;16.7380;;
ec2.1;64;17.1391;16.4243;;
ec2.1;65;17.2704;16.1174;;
ec2.1;66;17.3997;15.8172;;
ec2.1;67;17.5270;15.5236;;
ec2.1;68;17.6523;15.2368;;
ec2.1;69;17.7755;14.9566;;
ec2.1;70;17.8967;14.6832;;
ec2.1;71;18.0158;14.4167;;
ec2.1;72;18.1330;14.1565;;
ec2.1;73;18.2485;13.9010;;
ec2.1;74;18.3622;13.6504;;
ec2.1;75;18.4742;13.4045;;
ec2.1;76;18.5845;13.1634;;
ec2.1;77;18.6930;12.9270;;
ec2.1;78;18.7997;12.6955;;
ec2.1;79;18.9048;12.4687;;
ec2.1;80;19.0081;12.2468;;
ec2.1;81;19.1095;12.0300;;
ec2.1;82;19.2095;11.8171;;
ec2.1;83;19.3079;11.6078;;
ec2.1;84;19.4049;11.4021;;
ec2.1;85;19.5004;11.2000;;
ec2.1;86;19.5944;11.0014;;
ec2.1;87;19.6869;10.8064;;
ec2.1;88;19.7779;10.6149;;
ec2.1;89;19.8675;10.4271;;
ec2.1;90;19.9556;10.2427;;
ec2.1;91;20.0422;10.0620;;
ec2.1;92;20.1272;9.8851;;
ec2.1;93;20.2109;9.7113;;
ec2.1;94;20.2934;9.5403;;
ec2.1;95;20.3746;9.3720;;
ec2.1;96;20.4546;9.2065;;
ec2.1;97;20.5333;9.0437;;
ec2.1;98;20.6107;8.8837;;
ec2.1;99;20.6870;8.7264;;
ec2.1;100;20.7620;8.5719;;
ec2.1;101;20.8357;8.4202;;
ec2.1;102;20.9082;8.2712;;
ec2.1;103;20.9794;8.1250;;
ec2.1;104;21.0494;7.9817;;
ec2.1;105;21.1181;7.8411;;
ec2.1;106;21.1858;7.7026;;
ec2.1;107;21.2525;7.5664;;
ec2.1;108;21.3181;7.4323;;
ec2.1;109;21.3827;7.3004;;
ec2.1;110;21.4463;7.1707;;
ec2.1;111;21.5089;7.0431;;
ec2.1;112;21.5704;6.9178;;
ec2.1;113;21.6309;6.7946;;
ec2.1;114;21.6903;6.6736;;
ec2.1;115;21.7487;6.5547;;
ec2.1;116;21.8061;6.4381;;
ec2.1;117;21.8625;6.3237;;
ec2.1;118;21.9178;6.2115;;
ec2.1;119;21.9722;6.1011;;
ec2.1;120;22.0258;5.9925;;
ec2.1;121;22.0785;5.8855;;
ec2.1;122;22.1304;5.7803;;
ec2.1;123;22.1815;5.6768;;
ec2.1;124;22.2317;5.5751;;
ec2.1;125;22.2811;5.4751;;
ec2.1;126;22.3297;5.3768;;
ec2.1;127;22.3774;5.2803;;
ec2.1;128;22.4243;5.1855;;
ec2.1;129;22.4703;5.0924;;
ec2.1;130;22.5155;5.0010;;
ec2.1;131;22.5598;4.9116;;
ec2.1;132;22.6033;4.8237;;
ec2.1;133;22.6462;4.7372;;
ec2.1;134;22.6883;4.6520;;
ec2.1;135;22.7298;4.5683;;
ec2.1;136;22.7707;4.4859;;
ec2.1;137;22.8108;4.4049;;
ec2.1;138;22.8503;4.3253;;
ec2.1;139;22.8891;4.2470;;
ec2.1;140;22.9272;4.1702;;
ec2.1;141;22.9646;4.0947;;
ec2.1;142;23.0014;4.0206;;
ec2.1;143;23.0375;3.9479;;
ec2.1;144;23.0729;3.8765;;
ec2.1;145;23.1076;3.8067;;
ec2.1;146;23.1417;3.7380;;
ec2.1;147;23.1752;3.6704;;
ec2.1;148;23.2082;3.6039;;
ec2.1;149;23.2407;3.5385;;
ec2.1;150;23.2727;3.4742;;
ec2.1;151;23.3041;3.4110;;
ec2.1;152;23.3349;3.3489;;
ec2.1;153;23.3653;3.2878;;
ec2.1;154;23.3950;3.2279;;
ec2.1;155;23.4243;3.1691;;
ec2.1;156;23.4530;3.1113;;
ec2.1;157;23.4812;3.0547;;
ec2.1;158;23.5088;2.9991;;
ec2.1;159;23.5358;2.9447;;
ec2.1;160;23.5624;2.8912;;
ec2.1;161;23.5886;2.8386;;
ec2.1;162;23.6144;2.7868;;
ec2.1;163;23.6397;2.7359;;
ec2.1;164;23.6646;2.6858;;
ec2.1;165;23.6891;2.6367;;
ec2.1;166;23.7131;2.5883;;
ec2.1;167;23.7367;2.5409;;
ec2.1;168;23.7599;2.4943;;
ec2.1;169;23.7827;2.4485;;
ec2.1;170;23.8050;2.4037;;
ec2.1;171;23.8269;2.3597;;
ec2.1;172;23.8483;2.3166;;
ec2.1;173;23.8694;2.2743;;
ec2.1;174;23.8901;2.2328;;
ec2.1;175;23.9104;2.1919;;
ec2.1;176;23.9304;2.1517;;
ec2.1;177;23.9501;2.1121;;
ec2.1;178;23.9695;2.0733;;
ec2.1;179;23.9885;2.0351;;
ec2.1;180;24.0071;1.9976;;
ec2.1;181;24.0255;1.9608;;
ec2.1;182;24.0435;1.9247;;
ec2.1;183;24.0611;1.8892;;
ec2.1;184;24.0784;1.8545;;
ec2.1;185;24.0954;1.8204;;
ec2.1;186;24.1120;1.7870;;
ec2.1;187;24.1283;1.7543;;
ec2.1;188;24.1444;1.7220;;
ec2.1;189;24.1602;1.6903;;
ec2.1;190;24.1757;1.6592;;
ec2.1;191;24.1910;1.6286;;
ec2.1;192;24.2060;1.5985;;
ec2.1;193;24.2207;1.5689;;
ec2.1;194;24.2351;1.5399;;
ec2.1;195;24.2493;1.5114;;
ec2.1;196;24.2633;1.4835;;
ec2.1;197;24.2769;1.4560;;
ec2.1;198;24.2903;1.4292;;
ec2.1;199;24.3034;1.4028;;
ec2.1;200;24.3163;1.3771;;
ec2.1;201;24.3289;1.3517;;
ec2.1;202;24.3413;1.3268;;
ec2.1;203;24.3536;1.3022;;
ec2.1;204;24.3656;1.2781;;
ec2.1;205;24.3774;1.2545;;
ec2.1;206;24.3890;1.2312;;
ec2.1;207;24.4004;1.2084;;
ec2.1;208;24.4115;1.1859;;
ec2.1;209;24.4225;1.1639;;
ec2.1;210;24.4333;1.1424;;
ec2.1;211;24.4438;1.1212;;
ec2.1;212;24.4541;1.1004;;
ec2.1;213;24.4643;1.0802;;
ec2.1;214;24.4742;1.0602;;
ec2.1;215;24.4840;1.0406;;
ec2.1;216;24.4936;1.0214;;
ec2.1;217;24.5030;1.0024;;
ec2.1;218;24.5123;0.9838;;
ec2.1;219;24.5214;0.9655;;
ec2.1;220;24.5304;0.9476;;
ec2.1;221;24.5391;0.9300;;
ec2.1;222;24.5478;0.9127;;
ec2.1;223;24.5562;0.8957;;
ec2.1;224;24.5645;0.8791;;
ec2.1;225;24.5727;0.8628;;
ec2.1;226;24.5806;0.8468;;
ec2.1;227;24.5884;0.8311;;
ec2.1;228;24.5961;0.8158;;
ec2.1;229;24.6036;0.8006;;
ec2.1;230;24.6110;0.7858;;
ec2.1;231;24.6183;0.7712;;
ec2.1;232;24.6255;0.7568;;
ec2.1;233;24.6325;0.7427;;
ec2.1;234;24.6394;0.7289;;
ec2.1;235;24.6462;0.7153;;
ec2.1;236;24.6528;0.7020;;
ec2.1;237;24.6593;0.6889;;
ec2.1;238;24.6657;0.6761;;
ec2.1;239;24.6720;0.6635;;
ec2.1;240;24.6781;0.6513;;
ec2.1;241;24.6841;0.6392;;
ec2.1;242;24.6900;0.6273;;
ec2.1;243;24.6959;0.6157;;
ec2.1;244;24.7016;0.6042;;
ec2.1;245;24.7072;0.5930;;
ec2.1;246;24.7127;0.5819;;
ec2.1;247;24.7181;0.5710;;
ec2.1;248;24.7234;0.5604;;
ec2.1;249;24.7286;0.5499;;
ec2.1;250;24.7338;0.5397;;
ec2.1;251;24.7388;0.5296;;
ec2.1;252;24.7437;0.5198;;
ec2.1;253;24.7485;0.5101;;
ec2.1;254;24.7532;0.5007;;
ec2.1;255;24.7579;0.4914;;
ec2.1;256;24.7624;0.4822;;
ec2.1;257;24.7669;0.4732;;
ec2.1;258;24.7713;0.4644;;
ec2.1;259;24.7756;0.4557;;
ec2.1;260;24.7799;0.4472;;
ec2.1;261;24.7840;0.4389;;
ec2.1;262;24.7881;0.4307;;
ec2.1;263;24.7921;0.4226;;
ec2.1;264;24.7961;0.4147;;
ec2.1;265;24.7999;0.4070;;
ec2.1;266;24.8037;0.3994;;
ec2.1;267;24.8074;0.3920;;
ec2.1;268;24.8110;0.3848;;
ec2.1;269;24.8146;0.3776;;
ec2.1;270;24.8181;0.3706;;
ec2.1;271;24.8216;0.3636;;
ec2.1;272;24.8249;0.3569;;
ec2.1;273;24.8283;0.3502;;
ec2.1;274;24.8315;0.3436;;
ec2.1;275;24.8347;0.3372;;
ec2.1;276;24.8379;0.3309;;
ec2.1;277;24.8410;0.3247;;
ec2.1;278;24.8440;0.3187;;
ec2.1;279;24.8470;0.3127;;
ec2.1;280;24.8499;0.3069;;
ec2.1;281;24.8527;0.3012;;
ec2.1;282;24.8555;0.2956;;
ec2.1;283;24.8582;0.2901;;
ec2.1;284;24.8609;0.2847;;
ec2.1;285;24.8636;0.2794;;
ec2.1;286;24.8662;0.2741;;
ec2.1;287;24.8688;0.2690;;
ec2.1;288;24.8713;0.2640;;
ec2.1;289;24.8737;0.2590;;
ec2.1;290;24.8762;0.2542;;
ec2.1;291;24.8785;0.2494;;
ec2.1;292;24.8808;0.2448;;
ec2.1;293;24.8831;0.2402;;
ec2.1;294;24.8854;0.2358;;
ec2.1;295;24.8875;0.2314;;
ec2.1;296;24.8897;0.2271;;
ec2.1;297;24.8918;0.2228;;
ec2.1;298;24.8939;0.2187;;
ec2.1;299;24.8959;0.2146;;
ec2.2;0;1.0000;100.0000;;
ec2.2;1;1.4637;98.2426;;
ec2.2;2;1.9231;96.1949;;
ec2.2;3;2.3769;93.9398;;
ec2.2;4;2.8249;91.4772;;
ec2.2;5;3.2670;88.8193;;
ec2.2;6;3.7017;86.0723;;
ec2.2;7;4.1289;83.2450;;
ec2.2;8;4.5486;80.3365;;
ec2.2;9;4.9600;77.4280;;
ec2.2;10;5.3627;74.5467;;
ec2.2;11;5.7568;71.6896;;
ec2.2;12;6.1421;68.8883;;
ec2.2;13;6.5185;66.1783;;
ec2.2;14;6.8859;63.5596;;
ec2.2;15;7.2444;61.0311;;
ec2.2;16;7.5942;58.6154;;
ec2.2;17;7.9353;56.3144;;
ec2.2;18;8.2677;54.1270;;
ec2.2;19;8.5919;52.0492;;
ec2.2;20;8.9081;50.0814;;
ec2.2;21;9.2163;48.2237;;
ec2.2;22;9.5167;46.4735;;
ec2.2;23;9.8099;44.8177;;
ec2.2;24;10.0961;43.2546;;
ec2.2;25;10.3753;41.7843;;
ec2.2;26;10.6477;40.4019;;
ec2.2;27;10.9140;39.0923;;
ec2.2;28;11.1742;37.8552;;
ec2.2;29;11.4284;36.6907;;
ec2.2;30;11.6767;35.5943;;
ec2.2;31;11.9199;34.5519;;
ec2.2;32;12.1580;33.5634;;
ec2.2;33;12.3909;32.6289;;
ec2.2;34;12.6188;31.7474;;
ec2.2;35;12.8423;30.9061;;
ec2.2;36;13.0614;30.1034;;
ec2.2;37;13.2762;29.3393;;
ec2.2;38;13.4866;28.6144;;
ec2.2;39;13.6929;27.9241;;
ec2.2;40;13.8956;27.2608;;
ec2.2;41;14.0947;26.6243;;
ec2.2;42;14.2901;26.0147;;
ec2.2;43;14.4818;25.4319;;
ec2.2;44;14.6700;24.8751;;
ec2.2;45;14.8551;24.3366;;
ec2.2;46;15.0371;23.8164;;
ec2.2;47;15.2161;23.3144;;
ec2.2;48;15.3919;22.8307;;
ec2.2;49;15.5647;22.3657;;
ec2.2;50;15.7345;21.9170;;
ec2.2;51;15.9017;21.4806;;
ec2.2;52;16.0663;21.0565;;
ec2.2;53;16.2282;20.6447;;
ec2.2;54;16.3875;20.2452;;
ec2.2;55;16.5442;19.8580;;
ec2.2;56;16.6982;19.4837;;
ec2.2;57;16.8499;19.1188;;
ec2.2;58;16.9993;18.7622;;
ec2.2;59;17.1464;18.4139;;
ec2.2;60;17.2913;18.0740;;
ec2.2;61;17.4339;17.7425;;
ec2.2;62;17.5743;17.4193;;
ec2.2;63;17.7124;17.1044;;
ec2.2;64;17.8482;16.7981;;
ec2.2;65;17.9821;16.4978;;
ec2.2;66;18.1140;16.2032;;
ec2.2;67;18.2440;15.9144;;
ec2.2;68;18.3720;15.6315;;
ec2.2;69;18.4980;15.3543;;
ec2.2;70;18.6221;15.0830;;
ec2.2;71;18.7443;14.8175;;
ec2.2;72;18.8644;14.5578;;
ec2.2;73;18.9826;14.3042;;
ec2.2;74;19.0991;14.0548;;
ec2.2;75;19.2140;13.8096;;
ec2.2;76;19.3271;13.5687;;
ec2.2;77;19.4386;13.3320;;
ec2.2;78;19.5483;13.0996;;
ec2.2;79;19.6564;12.8714;;
ec2.2;80;19.7628;12.6474;;
ec2.2;81;19.8675;12.4277;;
ec2.2;82;19.9705;12.2122;;
ec2.2;83;20.0718;12.0013;;
ec2.2;84;20.1715;11.7940;;
ec2.2;85;20.2698;11.5899;;
ec2.2;86;20.3666;11.3891;;
ec2.2;87;20.4620;11.1916;;
ec2.2;88;20.5560;10.9972;;
ec2.2;89;20.6485;10.8062;;
ec2.2;90;20.7396;10.6183;;
ec2.2;91;20.8292;10.4338;;
ec2.2;92;20.9174;10.2525;;
ec2.2;93;21.0041;10.0744;;
ec2.2;94;21.0895;9.8996;;
ec2.2;95;21.1732;9.7283;;
ec2.2;96;21.2557;9.5597;;
ec2.2;97;21.3370;9.3937;;
ec2.2;98;21.4171;9.2303;;
ec2.2;99;21.4960;9.0695;;
ec2.2;100;21.5737;8.9112;;
ec2.2;101;21.6501;8.7555;;
ec2.2;102;21.7254;8.6024;;
ec2.2;103;21.7994;8.4518;;
ec2.2;104;21.8722;8.3038;;
ec2.2;105;21.9438;8.1584;;
ec2.2;106;22.0142;8.0155;;
ec2.2;107;22.0834;7.8753;;
ec2.2;108;22.1513;7.7378;;
ec2.2;109;22.2181;7.6025;;
ec2.2;110;22.2839;7.4693;;
ec2.2;111;22.3488;7.3382;;
ec2.2;112;22.4126;7.2091;;
ec2.2;113;22.4754;7.0821;;
ec2.2;114;22.5372;6.9571;;
ec2.2;115;22.5980;6.8342;;
ec2.2;116;22.6579;6.7134;;
ec2.2;117;22.7167;6.5946;;
ec2.2;118;22.7745;6.4779;;
ec2.2;119;22.8314;6.3632;;
ec2.2;120;22.8872;6.2506;;
ec2.2;121;22.9420;6.1400;;
ec2.2;122;22.9958;6.0317;;
ec2.2;123;23.0487;5.9251;;
ec2.2;124;23.1008;5.8201;;
ec2.2;125;23.1521;5.7168;;
ec2.2;126;23.2026;5.6151;;
ec2.2;127;23.2523;5.5150;;
ec2.2;128;23.3012;5.4166;;
ec2.2;129;23.3493;5.3199;;
ec2.2;130;23.3965;5.2248;;
ec2.2;131;23.4430;5.1313;;
ec2.2;132;23.4886;5.0395;;
ec2.2;133;23.5334;4.9493;;
ec2.2;134;23.5775;4.8608;;
ec2.2;135;23.6206;4.7740;;
ec2.2;136;23.6630;4.6889;;
ec2.2;137;23.7046;4.6052;;
ec2.2;138;23.7457;4.5227;;
ec2.2;139;23.7860;4.4416;;
ec2.2;140;23.8258;4.3618;;
ec2.2;141;23.8648;4.2833;;
ec2.2;142;23.9033;4.2061;;
ec2.2;143;23.9410;4.1303;;
ec2.2;144;23.9781;4.0557;;
ec2.2;145;24.0146;3.9825;;
ec2.2;146;24.0504;3.9106;;
ec2.2;147;24.0856;3.8400;;
ec2.2;148;24.1201;3.7707;;
ec2.2;149;24.1539;3.7027;;
ec2.2;150;24.1871;3.6362;;
ec2.2;151;24.2198;3.5707;;
ec2.2;152;24.2519;3.5062;;
ec2.2;153;24.2835;3.4427;;
ec2.2;154;24.3146;3.3803;;
ec2.2;155;24.3452;3.3190;;
ec2.2;156;24.3752;3.2587;;
ec2.2;157;24.4047;3.1994;;
ec2.2;158;24.4338;3.1412;;
ec2.2;159;24.4623;3.0841;;
ec2.2;160;24.4902;3.0279;;
ec2.2;161;24.5177;2.9729;;
ec2.2;162;24.5446;2.9188;;
ec2.2;163;24.5710;2.8659;;
ec2.2;164;24.5969;2.8140;;
ec2.2;165;24.6224;2.7629;;
ec2.2;166;24.6474;2.7127;;
ec2.2;167;24.6721;2.6632;;
ec2.2;168;24.6963;2.6146;;
ec2.2;169;24.7202;2.5668;;
ec2.2;170;24.7436;2.5199;;
ec2.2;171;24.7666;2.4738;;
ec2.2;172;24.7892;2.4285;;
ec2.2;173;24.8114;2.3840;;
ec2.2;174;24.8331;2.3404;;
ec2.2;175;24.8545;2.2975;;
ec2.2;176;24.8754;2.2555;;
ec2.2;177;24.8959;2.2145;;
ec2.2;178;24.9161;2.1741;;
ec2.2;179;24.9359;2.1344;;
ec2.2;180;24.9554;2.0953;;
ec2.2;181;24.9745;2.0569;;
ec2.2;182;24.9934;2.0192;;
ec2.2;183;25.0119;1.9821;;
ec2.2;184;25.0301;1.9456;;
ec2.2;185;25.0479;1.9098;;
ec2.2;186;25.0655;1.8747;;
ec2.2;187;25.0827;1.8402;;
ec2.2;188;25.0996;1.8063;;
ec2.2;189;25.1161;1.7731;;
ec2.2;190;25.1324;1.7406;;
ec2.2;191;25.1483;1.7088;;
ec2.2;192;25.1639;1.6774;;
ec2.2;193;25.1793;1.6467;;
ec2.2;194;25.1944;1.6164;;
ec2.2;195;25.2092;1.5866;;
ec2.2;196;25.2238;1.5573;;
ec2.2;197;25.2382;1.5286;;
ec2.2;198;25.2523;1.5004;;
ec2.2;199;25.2661;1.4726;;
ec2.2;200;25.2797;1.4454;;
ec2.2;201;25.2930;1.4187;;
ec2.2;202;25.3061;1.3925;;
ec2.2;203;25.3189;1.3669;;
ec2.2;204;25.3314;1.3418;;
ec2.2;205;25.3437;1.3171;;
ec2.2;206;25.3558;1.2929;;
ec2.2;207;25.3677;1.2690;;
ec2.2;208;25.3794;1.2456;;
ec2.2;209;25.3909;1.2226;;
ec2.2;210;25.4022;1.1999;;
ec2.2;211;25.4133;1.1777;;
ec2.2;212;25.4242;1.1559;;
ec2.2;213;25.4349;1.1345;;
ec2.2;214;25.4454;1.1134;;
ec2.2;215;25.4557;1.0928;;
ec2.2;216;25.4658;1.0726;;
ec2.2;217;25.4757;1.0528;;
ec2.2;218;25.4854;1.0334;;
ec2.2;219;25.4949;1.0144;;
ec2.2;220;25.5042;0.9956;;
ec2.2;221;25.5134;0.9772;;
ec2.2;222;25.5225;0.9591;;
ec2.2;223;25.5313;0.9413;;
ec2.2;224;25.5401;0.9238;;
ec2.2;225;25.5486;0.9067;;
ec2.2;226;25.5571;0.8898;;
ec2.2;227;25.5653;0.8733;;
ec2.2;228;25.5734;0.8571;;
ec2.2;229;25.5813;0.8412;;
ec2.2;230;25.5891;0.8256;;
ec2.2;231;25.5967;0.8103;;
ec2.2;232;25.6042;0.7954;;
ec2.2;233;25.6116;0.7807;;
ec2.2;234;25.6188;0.7662;;
ec2.2;235;25.6259;0.7520;;
ec2.2;236;25.6328;0.7380;;
ec2.2;237;25.6397;0.7243;;
ec2.2;238;25.6464;0.7108;;
ec2.2;239;25.6530;0.6976;;
ec2.2;240;25.6595;0.6846;;
ec2.2;241;25.6659;0.6719;;
ec2.2;242;25.6721;0.6594;;
ec2.2;243;25.6782;0.6471;;
ec2.2;244;25.6842;0.6351;;
ec2.2;245;25.6901;0.6234;;
ec2.2;246;25.6958;0.6119;;
ec2.2;247;25.7015;0.6005;;
ec2.2;248;25.7071;0.5894;;
ec2.2;249;25.7126;0.5784;;
ec2.2;250;25.7179;0.5676;;
ec2.2;251;25.7232;0.5570;;
ec2.2;252;25.7284;0.5467;;
ec2.2;253;25.7335;0.5365;;
ec2.2;254;25.7385;0.5265;;
ec2.2;255;25.7434;0.5167;;
ec2.2;256;25.7482;0.5070;;
ec2.2;257;25.7529;0.4976;;
ec2.2;258;25.7575;0.4884;;
ec2.2;259;25.7620;0.4794;;
ec2.2;260;25.7664;0.4705;;
ec2.2;261;25.7708;0.4617;;
ec2.2;262;25.7751;0.4531;;
ec2.2;263;25.7793;0.4447;;
ec2.2;264;25.7835;0.4364;;
ec2.2;265;25.7875;0.4283;;
ec2.2;266;25.7915;0.4203;;
ec2.2;267;25.7954;0.4124;;
ec2.2;268;25.7993;0.4047;;
ec2.2;269;25.8031;0.3972;;
ec2.2;270;25.8067;0.3898;;
ec2.2;271;25.8104;0.3826;;
ec2.2;272;25.8139;0.3755;;
ec2.2;273;25.8174;0.3685;;
ec2.2;274;25.8208;0.3616;;
ec2.2;275;25.8242;0.3549;;
ec2.2;276;25.8275;0.3483;;
ec2.2;277;25.8307;0.3418;;
ec2.2;278;25.8339;0.3354;;
ec2.2;279;25.8370;0.3291;;
ec2.2;280;25.8401;0.3230;;
ec2.2;281;25.8431;0.3170;;
ec2.2;282;25.8461;0.3110;;
ec2.2;283;25.8490;0.3052;;
ec2.2;284;25.8518;0.2996;;
ec2.2;285;25.8546;0.2940;;
ec2.2;286;25.8573;0.2886;;
ec2.2;287;25.8600;0.2832;;
ec2.2;288;25.8626;0.2779;;
ec2.2;289;25.8652;0.2727;;
ec2.2;290;25.8677;0.2676;;
ec2.2;291;25.8702;0.2626;;
ec2.2;292;25.8727;0.2577;;
ec2.2;293;25.8751;0.2529;;
ec2.2;294;25.8775;0.2482;;
ec2.2;295;25.8798;0.2435;;
ec2.2;296;25.8820;0.2390;;
ec2.2;297;25.8843;0.2346;;
ec2.2;298;25.8865;0.2302;;
ec2.2;299;25.8886;0.2259;;
ec2.3;0;2.0000;100.0000;;
ec2.3;1;2.4629;97.5834;;
ec2.3;2;2.9201;94.9217;;
ec2.3;3;3.3702;92.1289;;
ec2.3;4;3.8132;89.2050;;
ec2.3;5;4.2489;86.1618;;
ec2.3;6;4.6762;83.1013;;
ec2.3;7;5.0950;80.0366;;
ec2.3;8;5.5053;76.9682;;
ec2.3;9;5.9066;73.9632;;
ec2.3;10;6.2989;71.0380;;
ec2.3;11;6.6820;68.1898;;
ec2.3;12;7.0560;65.4459;;
ec2.3;13;7.4210;62.8212;;
ec2.3;14;7.7769;60.3153;;
ec2.3;15;8.1240;57.9264;;
ec2.3;16;8.4626;55.6616;;
ec2.3;17;8.7928;53.5210;;
ec2.3;18;9.1145;51.5025;;
ec2.3;19;9.4285;49.5946;;
ec2.3;20;9.7349;47.7960;;
ec2.3;21;10.0337;46.1066;;
ec2.3;22;10.3253;44.5193;;
ec2.3;23;10.6102;43.0196;;
ec2.3;24;10.8886;41.6076;;
ec2.3;25;11.1603;40.2839;;
ec2.3;26;11.4260;39.0360;;
ec2.3;27;11.6860;37.8544;;
ec2.3;28;11.9405;36.7393;;
ec2.3;29;12.1893;35.6912;;
ec2.3;30;12.4329;34.6998;;
ec2.3;31;12.6718;33.7565;;
ec2.3;32;12.9060;32.8614;;
ec2.3;33;13.1353;32.0144;;
ec2.3;34;13.3601;31.2134;;
ec2.3;35;13.5809;30.4466;;
ec2.3;36;13.7977;29.7134;;
ec2.3;37;14.0104;29.0140;;
ec2.3;38;14.2192;28.3488;;
ec2.3;39;14.4242;27.7137;;
ec2.3;40;14.6258;27.1016;;
ec2.3;41;14.8240;26.5125;;
ec2.3;42;15.0189;25.9464;;
ec2.3;43;15.2104;25.4032;;
ec2.3;44;15.3985;24.8832;;
ec2.3;45;15.5837;24.3793;;
ec2.3;46;15.7661;23.8909;;
ec2.3;47;15.9455;23.4178;;
ec2.3;48;16.1221;22.9602;;
ec2.3;49;16.2958;22.5179;;
ec2.3;50;16.4667;22.0914;;
ec2.3;51;16.6349;21.6762;;
ec2.3;52;16.8008;21.2713;;
ec2.3;53;16.9641;20.8767;;
ec2.3;54;17.1250;20.4923;;
ec2.3;55;17.2833;20.1182;;
ec2.3;56;17.4393;19.7543;;
ec2.3;57;17.5927;19.4012;;
ec2.3;58;17.7439;19.0559;;
ec2.3;59;17.8929;18.7176;;
ec2.3;60;18.0398;18.3863;;
ec2.3;61;18.1845;18.0620;;
ec2.3;62;18.3271;17.7446;;
ec2.3;63;18.4676;17.4342;;
ec2.3;64;18.6059;17.1309;;
ec2.3;65;18.7420;16.8348;;
ec2.3;66;18.8761;16.5449;;
ec2.3;67;19.0083;16.2600;;
ec2.3;68;19.1386;15.9800;;
ec2.3;69;19.2671;15.7050;;
ec2.3;70;19.3937;15.4350;;
ec2.3;71;19.5184;15.1699;;
ec2.3;72;19.6412;14.9098;;
ec2.3;73;19.7622;14.6547;;
ec2.3;74;19.8813;14.4046;;
ec2.3;75;19.9984;14.1597;;
ec2.3;76;20.1139;13.9190;;
ec2.3;77;20.2277;13.6821;;
ec2.3;78;20.3400;13.4489;;
ec2.3;79;20.4505;13.2194;;
ec2.3;80;20.5595;12.9937;;
ec2.3;81;20.6668;12.7718;;
ec2.3;82;20.7726;12.5535;;
ec2.3;83;20.8767;12.3391;;
ec2.3;84;20.9791;12.1284;;
ec2.3;85;21.0800;11.9214;;
ec2.3;86;21.1792;11.7183;;
ec2.3;87;21.2768;11.5190;;
ec2.3;88;21.3730;11.3225;;
ec2.3;89;21.4678;11.1290;;
ec2.3;90;21.5612;10.9385;;
ec2.3;91;21.6532;10.7510;;
ec2.3;92;21.7439;10.5664;;
ec2.3;93;21.8332;10.3847;;
ec2.3;94;21.9211;10.2060;;
ec2.3;95;22.0076;10.0303;;
ec2.3;96;22.0927;9.8575;;
ec2.3;97;22.1765;9.6877;;
ec2.3;98;22.2589;9.5208;;
ec2.3;99;22.3398;9.3571;;
ec2.3;100;22.4194;9.1962;;
ec2.3;101;22.4978;9.0377;;
ec2.3;102;22.5751;8.8815;;
ec2.3;103;22.6512;8.7277;;
ec2.3;104;22.7262;8.5763;;
ec2.3;105;22.8000;8.4273;;
ec2.3;106;22.8726;8.2807;;
ec2.3;107;22.9441;8.1364;;
ec2.3;108;23.0145;7.9945;;
ec2.3;109;23.0837;7.8550;;
ec2.3;110;23.1517;7.7179;;
ec2.3;111;23.2186;7.5832;;
ec2.3;112;23.2843;7.4509;;
ec2.3;113;23.3488;7.3211;;
ec2.3;114;23.4123;7.1935;;
ec2.3;115;23.4748;7.0677;;
ec2.3;116;23.5363;6.9439;;
ec2.3;117;23.5970;6.8220;;
ec2.3;118;23.6566;6.7020;;
ec2.3;119;23.7154;6.5840;;
ec2.3;120;23.7731;6.4678;;
ec2.3;121;23.8300;6.3536;;
ec2.3;122;23.8858;6.2413;;
ec2.3;123;23.9408;6.1310;;
ec2.3;124;23.9948;6.0225;;
ec2.3;125;24.0478;5.9160;;
ec2.3;126;24.0999;5.8114;;
ec2.3;127;24.1510;5.7089;;
ec2.3;128;24.2012;5.6081;;
ec2.3;129;24.2506;5.5088;;
ec2.3;130;24.2993;5.4111;;
ec2.3;131;24.3473;5.3149;;
ec2.3;132;24.3944;5.2203;;
ec2.3;133;24.4408;5.1272;;
ec2.3;134;24.4864;5.0357;;
ec2.3;135;24.5313;4.9457;;
ec2.3;136;24.5754;4.8573;;
ec2.3;137;24.6187;4.7704;;
ec2.3;138;24.6613;4.6850;;
ec2.3;139;24.7031;4.6012;;
ec2.3;140;24.7441;4.5189;;
ec2.3;141;24.7843;4.4383;;
ec2.3;142;24.8238;4.3591;;
ec2.3;143;24.8627;4.2811;;
ec2.3;144;24.9010;4.2044;;
ec2.3;145;24.9387;4.1289;;
ec2.3;146;24.9757;4.0546;;
ec2.3;147;25.0121;3.9816;;
ec2.3;148;25.0480;3.9098;;
ec2.3;149;25.0832;3.8392;;
ec2.3;150;25.1178;3.7699;;
ec2.3;151;25.1518;3.7018;;
ec2.3;152;25.1851;3.6349;;
ec2.3;153;25.2179;3.5693;;
ec2.3;154;25.2500;3.5049;;
ec2.3;155;25.2815;3.4418;;
ec2.3;156;25.3125;3.3798;;
ec2.3;157;25.3429;3.3188;;
ec2.3;158;25.3728;3.2588;;
ec2.3;159;25.4023;3.1998;;
ec2.3;160;25.4313;3.1418;;
ec2.3;161;25.4598;3.0847;;
ec2.3;162;25.4878;3.0286;;
ec2.3;163;25.5153;2.9735;;
ec2.3;164;25.5423;2.9194;;
ec2.3;165;25.5689;2.8662;;
ec2.3;166;25.5949;2.8140;;
ec2.3;167;25.6205;2.7629;;
ec2.3;168;25.6455;2.7126;;
ec2.3;169;25.6701;2.6635;;
ec2.3;170;25.6942;2.6152;;
ec2.3;171;25.7179;2.5677;;
ec2.3;172;25.7413;2.5209;;
ec2.3;173;25.7642;2.4749;;
ec2.3;174;25.7868;2.4297;;
ec2.3;175;25.8090;2.3853;;
ec2.3;176;25.8308;2.3416;;
ec2.3;177;25.8522;2.2987;;
ec2.3;178;25.8733;2.2566;;
ec2.3;179;25.8939;2.2153;;
ec2.3;180;25.9142;2.1747;;
ec2.3;181;25.9340;2.1350;;
ec2.3;182;25.9535;2.0960;;
ec2.3;183;25.9726;2.0578;;
ec2.3;184;25.9913;2.0202;;
ec2.3;185;26.0098;1.9833;;
ec2.3;186;26.0279;1.9470;;
ec2.3;187;26.0458;1.9113;;
ec2.3;188;26.0633;1.8762;;
ec2.3;189;26.0805;1.8417;;
ec2.3;190;26.0974;1.8078;;
ec2.3;191;26.1141;1.7745;;
ec2.3;192;26.1304;1.7418;;
ec2.3;193;26.1464;1.7098;;
ec2.3;194;26.1621;1.6783;;
ec2.3;195;26.1775;1.6475;;
ec2.3;196;26.1926;1.6173;;
ec2.3;197;26.2074;1.5877;;
ec2.3;198;26.2219;1.5586;;
ec2.3;199;26.2362;1.5300;;
ec2.3;200;26.2503;1.5018;;
ec2.3;201;26.2641;1.4741;;
ec2.3;202;26.2777;1.4469;;
ec2.3;203;26.2910;1.4202;;
ec2.3;204;26.3042;1.3940;;
ec2.3;205;26.3170;1.3682;;
ec2.3;206;26.3296;1.3429;;
ec2.3;207;26.3420;1.3181;;
ec2.3;208;26.3542;1.2938;;
ec2.3;209;26.3661;1.2700;;
ec2.3;210;26.3777;1.2467;;
ec2.3;211;26.3892;1.2238;;
ec2.3;212;26.4004;1.2012;;
ec2.3;213;26.4115;1.1791;;
ec2.3;214;26.4224;1.1573;;
ec2.3;215;26.4331;1.1359;;
ec2.3;216;26.4436;1.1148;;
ec2.3;217;26.4539;1.0942;;
ec2.3;218;26.4641;1.0739;;
ec2.3;219;26.4740;1.0540;;
ec2.3;220;26.4838;1.0345;;
ec2.3;221;26.4933;1.0153;;
ec2.3;222;26.5027;0.9966;;
ec2.3;223;26.5119;0.9782;;
ec2.3;224;26.5209;0.9602;;
ec2.3;225;26.5297;0.9425;;
ec2.3;226;26.5384;0.9250;;
ec2.3;227;26.5470;0.9079;;
ec2.3;228;26.5554;0.8911;;
ec2.3;229;26.5637;0.8746;;
ec2.3;230;26.5718;0.8583;;
ec2.3;231;26.5797;0.8424;;
ec2.3;232;26.5876;0.8267;;
ec2.3;233;26.5952;0.8114;;
ec2.3;234;26.6028;0.7963;;
ec2.3;235;26.6101;0.7815;;
ec2.3;236;26.6174;0.7671;;
ec2.3;237;26.6244;0.7529;;
ec2.3;238;26.6314;0.7390;;
ec2.3;239;26.6382;0.7253;;
ec2.3;240;26.6449;0.7119;;
ec2.3;241;26.6515;0.6987;;
ec2.3;242;26.6580;0.6857;;
ec2.3;243;26.6644;0.6730;;
ec2.3;244;26.6706;0.6604;;
ec2.3;245;26.6768;0.6481;;
ec2.3;246;26.6828;0.6361;;
ec2.3;247;26.6887;0.6242;;
ec2.3;248;26.6945;0.6126;;
ec2.3;249;26.7002;0.6013;;
ec2.3;250;26.7058;0.5902;;
ec2.3;251;26.7112;0.5792;;
ec2.3;252;26.7166;0.5685;;
ec2.3;253;26.7218;0.5580;;
ec2.3;254;26.7270;0.5476;;
ec2.3;255;26.7321;0.5374;;
ec2.3;256;26.7371;0.5274;;
ec2.3;257;26.7420;0.5176;;
ec2.3;258;26.7468;0.5079;;
ec2.3;259;26.7516;0.4985;;
ec2.3;260;26.7562;0.4892;;
ec2.3;261;26.7608;0.4801;;
ec2.3;262;26.7652;0.4712;;
ec2.3;263;26.7696;0.4624;;
ec2.3;264;26.7739;0.4539;;
ec2.3;265;26.7781;0.4455;;
ec2.3;266;26.7822;0.4372;;
ec2.3;267;26.7863;0.4291;;
ec2.3;268;26.7903;0.4211;;
ec2.3;269;26.7942;0.4132;;
ec2.3;270;26.7980;0.4055;;
ec2.3;271;26.8018;0.3979;;
ec2.3;272;26.8055;0.3905;;
ec2.3;273;26.8092;0.3832;;
ec2.3;274;26.8127;0.3761;;
ec2.3;275;26.8162;0.3691;;
ec2.3;276;26.8197;0.3622;;
ec2.3;277;26.8230;0.3555;;
ec2.3;278;26.8263;0.3489;;
ec2.3;279;26.8295;0.3424;;
ec2.3;280;26.8327;0.3361;;
ec2.3;281;26.8359;0.3298;;
ec2.3;282;26.8389;0.3237;;
ec2.3;283;26.8419;0.3176;;
ec2.3;284;26.8449;0.3117;;
ec2.3;285;26.8478;0.3059;;
ec2.3;286;26.8507;0.3002;;
ec2.3;287;26.8535;0.2946;;
ec2.3;288;26.8562;0.2891;;
ec2.3;289;26.8589;0.2837;;
ec2.3;290;26.8615;0.2784;;
ec2.3;291;26.8641;0.2732;;
ec2.3;292;26.8667;0.2682;;
ec2.3;293;26.8692;0.2632;;
ec2.3;294;26.8716;0.2583;;
ec2.3;295;26.8740;0.2535;;
ec2.3;296;26.8764;0.2487;;
ec2.3;297;26.8787;0.2441;;
ec2.3;298;26.8810;0.2396;;
ec2.3;299;26.8832;0.2351;;
ec2.4;0;3.0000;100.0000;;
ec2.4;1;3.4622;96.9352;;
ec2.4;2;3.9171;93.7052;;
ec2.4;3;4.3636;90.4190;;
ec2.4;4;4.8019;87.0742;;
ec2.4;5;5.2314;83.7139;;
ec2.4;6;5.6517;80.4084;;
ec2.4;7;6.0628;77.1550;;
ec2.4;8;6.4644;73.9831;;
ec2.4;9;6.8566;70.9305;;
ec2.4;10;7.2392;67.9956;;
ec2.4;11;7.6124;65.1855;;
ec2.4;12;7.9765;62.5170;;
ec2.4;13;8.3313;59.9901;;
ec2.4;14;8.6772;57.5991;;
ec2.4;15;9.0146;55.3425;;
ec2.4;16;9.3435;53.2205;;
ec2.4;17;9.6641;51.2310;;
ec2.4;18;9.9770;49.3577;;
ec2.4;19;10.2825;47.5973;;
ec2.4;20;10.5805;45.9500;;
ec2.4;21;10.8715;44.4065;;
ec2.4;22;11.1560;42.9511;;
ec2.4;23;11.4342;41.5838;;
ec2.4;24;11.7058;40.3052;;
ec2.4;25;11.9718;39.1000;;
ec2.4;26;12.2322;37.9601;;
ec2.4;27;12.4873;36.8856;;
ec2.4;28;12.7368;35.8771;;
ec2.4;29;12.9815;34.9218;;
ec2.4;30;13.2217;34.0132;;
ec2.4;31;13.4572;33.1510;;
ec2.4;32;13.6882;32.3357;;
ec2.4;33;13.9148;31.5634;;
ec2.4;34;14.1375;30.8232;;
ec2.4;35;14.3564;30.1151;;
ec2.4;36;14.5715;29.4391;;
ec2.4;37;14.7827;28.7958;;
ec2.4;38;14.9903;28.1801;;
ec2.4;39;15.1946;27.5860;;
ec2.4;40;15.3957;27.0135;;
ec2.4;41;15.5935;26.4625;;
ec2.4;42;15.7880;25.9330;;
ec2.4;43;15.9794;25.4252;;
ec2.4;44;16.1678;24.9325;;
ec2.4;45;16.3535;24.4540;;
ec2.4;46;16.5364;23.9896;;
ec2.4;47;16.7165;23.5396;;
ec2.4;48;16.8938;23.1037;;
ec2.4;49;17.0683;22.6826;;
ec2.4;50;17.2403;22.2725;;
ec2.4;51;17.4099;21.8717;;
ec2.4;52;17.5770;21.4803;;
ec2.4;53;17.7417;21.0984;;
ec2.4;54;17.9040;20.7259;;
ec2.4;55;18.0639;20.3628;;
ec2.4;56;18.2213;20.0094;;
ec2.4;57;18.3765;19.6645;;
ec2.4;58;18.5295;19.3259;;
ec2.4;59;18.6803;18.9938;;
ec2.4;60;18.8291;18.6680;;
ec2.4;61;18.9758;18.3487;;
ec2.4;62;19.1203;18.0359;;
ec2.4;63;19.2627;17.7294;;
ec2.4;64;19.4030;17.4294;;
ec2.4;65;19.5411;17.1362;;
ec2.4;66;19.6773;16.8480;;
ec2.4;67;19.8116;16.5645;;
ec2.4;68;19.9440;16.2857;;
ec2.4;69;20.0746;16.0114;;
ec2.4;70;20.2034;15.7419;;
ec2.4;71;20.3303;15.4769;;
ec2.4;72;20.4553;15.2167;;
ec2.4;73;20.5784;14.9610;;
ec2.4;74;20.6997;14.7100;;
ec2.4;75;20.8191;14.4639;;
ec2.4;76;20.9367;14.2220;;
ec2.4;77;21.0527;13.9837;;
ec2.4;78;21.1671;13.7490;;
ec2.4;79;21.2798;13.5178;;
ec2.4;80;21.3910;13.2902;;
ec2.4;81;21.5005;13.0662;;
ec2.4;82;21.6084;12.8458;;
ec2.4;83;21.7147;12.6290;;
ec2.4;84;21.8193;12.4157;;
ec2.4;85;21.9224;12.2060;;
ec2.4;86;22.0238;11.9999;;
ec2.4;87;22.1235;11.7976;;
ec2.4;88;22.2217;11.5987;;
ec2.4;89;22.3185;11.4026;;
ec2.4;90;22.4140;11.2094;;
ec2.4;91;22.5080;11.0190;;
ec2.4;92;22.6007;10.8316;;
ec2.4;93;22.6920;10.6470;;
ec2.4;94;22.7819;10.4653;;
ec2.4;95;22.8705;10.2865;;
ec2.4;96;22.9576;10.1105;;
ec2.4;97;23.0434;9.9375;;
ec2.4;98;23.1278;9.7673;;
ec2.4;99;23.2108;9.6000;;
ec2.4;100;23.2925;9.4355;;
ec2.4;101;23.3726;9.2742;;
ec2.4;102;23.4516;9.1152;;
ec2.4;103;23.5295;8.9586;;
ec2.4;104;23.6062;8.8043;;
ec2.4;105;23.6817;8.6524;;
ec2.4;106;23.7561;8.5027;;
ec2.4;107;23.8294;8.3555;;
ec2.4;108;23.9015;8.2105;;
ec2.4;109;23.9724;8.0679;;
ec2.4;110;24.0423;7.9277;;
ec2.4;111;24.1109;7.7898;;
ec2.4;112;24.1784;7.6542;;
ec2.4;113;24.2448;7.5210;;
ec2.4;114;24.3100;7.3901;;
ec2.4;115;24.3740;7.2617;;
ec2.4;116;24.4370;7.1353;;
ec2.4;117;24.4990;7.0108;;
ec2.4;118;24.5601;6.8882;;
ec2.4;119;24.6203;6.7675;;
ec2.4;120;24.6795;6.6487;;
ec2.4;121;24.7378;6.5318;;
ec2.4;122;24.7952;6.4168;;
ec2.4;123;24.8516;6.3037;;
ec2.4;124;24.9071;6.1925;;
ec2.4;125;24.9616;6.0831;;
ec2.4;126;25.0152;5.9757;;
ec2.4;127;25.0679;5.8702;;
ec2.4;128;25.1196;5.7665;;
ec2.4;129;25.1703;5.6649;;
ec2.4;130;25.2201;5.5650;;
ec2.4;131;25.2692;5.4667;;
ec2.4;132;25.3175;5.3698;;
ec2.4;133;25.3651;5.2745;;
ec2.4;134;25.4119;5.1807;;
ec2.4;135;25.4580;5.0884;;
ec2.4;136;25.5033;4.9977;;
ec2.4;137;25.5478;4.9085;;
ec2.4;138;25.5916;4.8208;;
ec2.4;139;25.6346;4.7346;;
ec2.4;140;25.6769;4.6499;;
ec2.4;141;25.7184;4.5668;;
ec2.4;142;25.7591;4.4852;;
ec2.4;143;25.7991;4.4053;;
ec2.4;144;25.8383;4.3267;;
ec2.4;145;25.8769;4.2494;;
ec2.4;146;25.9149;4.1733;;
ec2.4;147;25.9523;4.0984;;
ec2.4;148;25.9891;4.0248;;
ec2.4;149;26.0253;3.9523;;
ec2.4;150;26.0609;3.8811;;
ec2.4;151;26.0958;3.8111;;
ec2.4;152;26.1302;3.7423;;
ec2.4;153;26.1639;3.6748;;
ec2.4;154;26.1971;3.6084;;
ec2.4;155;26.2296;3.5433;;
ec2.4;156;26.2615;3.4794;;
ec2.4;157;26.2928;3.4168;;
ec2.4;158;26.3235;3.3553;;
ec2.4;159;26.3537;3.2948;;
ec2.4;160;26.3835;3.2353;;
ec2.4;161;26.4127;3.1767;;
ec2.4;162;26.4415;3.1191;;
ec2.4;163;26.4698;3.0625;;
ec2.4;164;26.4976;3.0069;;
ec2.4;165;26.5249;2.9522;;
ec2.4;166;26.5517;2.8985;;
ec2.4;167;26.5781;2.8457;;
ec2.4;168;26.6040;2.7939;;
ec2.4;169;26.6294;2.7431;;
ec2.4;170;26.6543;2.6933;;
ec2.4;171;26.6786;2.6445;;
ec2.4;172;26.7026;2.5966;;
ec2.4;173;26.7261;2.5494;;
ec2.4;174;26.7493;2.5030;;
ec2.4;175;26.7721;2.4574;;
ec2.4;176;26.7945;2.4125;;
ec2.4;177;26.8166;2.3684;;
ec2.4;178;26.8382;2.3251;;
ec2.4;179;26.8595;2.2825;;
ec2.4;180;26.8804;2.2408;;
ec2.4;181;26.9009;2.1997;;
ec2.4;182;26.9210;2.1595;;
ec2.4;183;26.9407;2.1200;;
ec2.4;184;26.9601;2.0812;;
ec2.4;185;26.9790;2.0433;;
ec2.4;186;26.9977;2.0061;;
ec2.4;187;27.0160;1.9694;;
ec2.4;188;27.0340;1.9334;;
ec2.4;189;27.0517;1.8979;;
ec2.4;190;27.0691;1.8631;;
ec2.4;191;27.0862;1.8288;;
ec2.4;192;27.1030;1.7952;;
ec2.4;193;27.1195;1.7622;;
ec2.4;194;27.1358;1.7297;;
ec2.4;195;27.1517;1.6979;;
ec2.4;196;27.1673;1.6667;;
ec2.4;197;27.1826;1.6361;;
ec2.4;198;27.1975;1.6061;;
ec2.4;199;27.2122;1.5767;;
ec2.4;200;27.2267;1.5478;;
ec2.4;201;27.2409;1.5194;;
ec2.4;202;27.2548;1.4915;;
ec2.4;203;27.2686;1.4640;;
ec2.4;204;27.2821;1.4370;;
ec2.4;205;27.2953;1.4105;;
ec2.4;206;27.3083;1.3844;;
ec2.4;207;27.3211;1.3588;;
ec2.4;208;27.3337;1.3337;;
ec2.4;209;27.3460;1.3091;;
ec2.4;210;27.3580;1.2850;;
ec2.4;211;27.3699;1.2613;;
ec2.4;212;27.3814;1.2381;;
ec2.4;213;27.3928;1.2154;;
ec2.4;214;27.4040;1.1930;;
ec2.4;215;27.4150;1.1710;;
ec2.4;216;27.4258;1.1494;;
ec2.4;217;27.4364;1.1281;;
ec2.4;218;27.4469;1.1073;;
ec2.4;219;27.4571;1.0868;;
ec2.4;220;27.4672;1.0666;;
ec2.4;221;27.4770;1.0469;;
ec2.4;222;27.4867;1.0275;;
ec2.4;223;27.4962;1.0085;;
ec2.4;224;27.5056;0.9898;;
ec2.4;225;27.5147;0.9715;;
ec2.4;226;27.5236;0.9537;;
ec2.4;227;27.5324;0.9361;;
ec2.4;228;27.5411;0.9188;;
ec2.4;229;27.5496;0.9018;;
ec2.4;230;27.5579;0.8851;;
ec2.4;231;27.5661;0.8687;;
ec2.4;232;27.5742;0.8526;;
ec2.4;233;27.5821;0.8367;;
ec2.4;234;27.5898;0.8212;;
ec2.4;235;27.5975;0.8059;;
ec2.4;236;27.6049;0.7910;;
ec2.4;237;27.6123;0.7763;;
ec2.4;238;27.6195;0.7619;;
ec2.4;239;27.6265;0.7479;;
ec2.4;240;27.6334;0.7341;;
ec2.4;241;27.6402;0.7205;;
ec2.4;242;27.6468;0.7072;;
ec2.4;243;27.6534;0.6940;;
ec2.4;244;27.6598;0.6811;;
ec2.4;245;27.6662;0.6685;;
ec2.4;246;27.6724;0.6561;;
ec2.4;247;27.6785;0.6438;;
ec2.4;248;27.6845;0.6319;;
ec2.4;249;27.6903;0.6201;;
ec2.4;250;27.6961;0.6086;;
ec2.4;251;27.7018;0.5973;;
ec2.4;252;27.7073;0.5862;;
ec2.4;253;27.7127;0.5754;;
ec2.4;254;27.7180;0.5648;;
ec2.4;255;27.7232;0.5543;;
ec2.4;256;27.7284;0.5440;;
ec2.4;257;27.7334;0.5339;;
ec2.4;258;27.7384;0.5239;;
ec2.4;259;27.7433;0.5142;;
ec2.4;260;27.7481;0.5046;;
ec2.4;261;27.7528;0.4952;;
ec2.4;262;27.7574;0.4860;;
ec2.4;263;27.7619;0.4769;;
ec2.4;264;27.7663;0.4681;;
ec2.4;265;27.7707;0.4594;;
ec2.4;266;27.7749;0.4509;;
ec2.4;267;27.7791;0.4425;;
ec2.4;268;27.7832;0.4343;;
ec2.4;269;27.7872;0.4263;;
ec2.4;270;27.7912;0.4183;;
ec2.4;271;27.7951;0.4105;;
ec2.4;272;27.7989;0.4029;;
ec2.4;273;27.8027;0.3954;;
ec2.4;274;27.8064;0.3880;;
ec2.4;275;27.8100;0.3808;;
ec2.4;276;27.8135;0.3737;;
ec2.4;277;27.8170;0.3667;;
ec2.4;278;27.8204;0.3599;;
ec2.4;279;27.8238;0.3532;;
ec2.4;280;27.8270;0.3467;;
ec2.4;281;27.8302;0.3402;;
ec2.4;282;27.8334;0.3339;;
ec2.4;283;27.8365;0.3277;;
ec2.4;284;27.8396;0.3216;;
ec2.4;285;27.8426;0.3156;;
ec2.4;286;27.8455;0.3097;;
ec2.4;287;27.8484;0.3039;;
ec2.4;288;27.8512;0.2982;;
ec2.4;289;27.8540;0.2927;;
ec2.4;290;27.8567;0.2872;;
ec2.4;291;27.8594;0.2819;;
ec2.4;292;27.8620;0.2766;;
ec2.4;293;27.8646;0.2715;;
ec2.4;294;27.8671;0.2664;;
ec2.4;295;27.8696;0.2615;;
ec2.4;296;27.8720;0.2566;;
ec2.4;297;27.8744;0.2519;;
ec2.4;298;27.8768;0.2472;;
ec2.4;299;27.8791;0.2426;;
ec2.5;0;4.0000;100.0000;;
ec2.5;1;4.4614;96.2978;;
ec2.5;2;4.9141;92.5285;;
ec2.5;3;5.3572;88.7887;;
ec2.5;4;5.7908;85.0760;;
ec2.5;5;6.2145;81.4523;;
ec2.5;6;6.6282;77.9468;;
ec2.5;7;7.0319;74.5598;;
ec2.5;8;7.4256;71.3277;;
ec2.5;9;7.8093;68.2562;;
ec2.5;10;8.1831;65.3418;;
ec2.5;11;8.5476;62.5922;;
ec2.5;12;8.9026;60.0081;;
ec2.5;13;9.2485;57.5843;;
ec2.5;14;9.5858;55.3078;;
ec2.5;15;9.9146;53.1782;;
ec2.5;16;10.2350;51.1937;;
ec2.5;17;10.5478;49.3330;;
ec2.5;18;10.8532;47.5909;;
ec2.5;19;11.1512;45.9679;;
ec2.5;20;11.4423;44.4510;;
ec2.5;21;11.7271;43.0244;;
ec2.5;22;12.0056;41.6879;;
ec2.5;23;12.2778;40.4416;;
ec2.5;24;12.5445;39.2669;;
ec2.5;25;12.8058;38.1578;;
ec2.5;26;13.0619;37.1144;;
ec2.5;27;13.3126;36.1364;;
ec2.5;28;13.5588;35.2085;;
ec2.5;29;13.8005;34.3265;;
ec2.5;30;14.0377;33.4905;;
ec2.5;31;14.2704;32.7013;;
ec2.5;32;14.4991;31.9506;;
ec2.5;33;14.7240;31.2312;;
ec2.5;34;14.9452;30.5429;;
ec2.5;35;15.1626;29.8859;;
ec2.5;36;15.3762;29.2607;;
ec2.5;37;15.5865;28.6599;;
ec2.5;38;15.7937;28.0797;;
ec2.5;39;15.9976;27.5201;;
ec2.5;40;16.1984;26.9811;;
ec2.5;41;16.3959;26.4628;;
ec2.5;42;16.5904;25.9645;;
ec2.5;43;16.7821;25.4798;;
ec2.5;44;16.9711;25.0084;;
ec2.5;45;17.1573;24.5506;;
ec2.5;46;17.3409;24.1061;;
ec2.5;47;17.5216;23.6751;;
ec2.5;48;17.6997;23.2580;;
ec2.5;49;17.8752;22.8507;;
ec2.5;50;18.0484;22.4522;;
ec2.5;51;18.2192;22.0625;;
ec2.5;52;18.3876;21.6817;;
ec2.5;53;18.5536;21.3096;;
ec2.5;54;18.7172;20.9464;;
ec2.5;55;18.8784;20.5923;;
ec2.5;56;19.0373;20.2463;;
ec2.5;57;19.1940;19.9063;;
ec2.5;58;19.3487;19.5723;;
ec2.5;59;19.5013;19.2444;;
ec2.5;60;19.6517;18.9225;;
ec2.5;61;19.8001;18.6066;;
ec2.5;62;19.9463;18.2968;;
ec2.5;63;20.0904;17.9930;;
ec2.5;64;20.2324;17.6955;;
ec2.5;65;20.3723;17.4035;;
ec2.5;66;20.5104;17.1159;;
ec2.5;67;20.6466;16.8328;;
ec2.5;68;20.7809;16.5541;;
ec2.5;69;20.9134;16.2798;;
ec2.5;70;21.0440;16.0100;;
ec2.5;71;21.1728;15.7446;;
ec2.5;72;21.2997;15.4836;;
ec2.5;73;21.4247;15.2271;;
ec2.5;74;21.5479;14.9750;;
ec2.5;75;21.6691;14.7276;;
ec2.5;76;21.7886;14.4841;;
ec2.5;77;21.9065;14.2440;;
ec2.5;78;22.0227;14.0075;;
ec2.5;79;22.1374;13.7744;;
ec2.5;80;22.2504;13.5448;;
ec2.5;81;22.3618;13.3187;;
ec2.5;82;22.4715;13.0961;;
ec2.5;83;22.5797;12.8769;;
ec2.5;84;22.6862;12.6613;;
ec2.5;85;22.7910;12.4491;;
ec2.5;86;22.8943;12.2405;;
ec2.5;87;22.9959;12.0353;;
ec2.5;88;23.0958;11.8338;;
ec2.5;89;23.1944;11.6352;;
ec2.5;90;23.2915;11.4395;;
ec2.5;91;23.3873;11.2465;;
ec2.5;92;23.4817;11.0564;;
ec2.5;93;23.5747;10.8692;;
ec2.5;94;23.6663;10.6848;;
ec2.5;95;23.7565;10.5032;;
ec2.5;96;23.8453;10.3245;;
ec2.5;97;23.9328;10.1486;;
ec2.5;98;24.0189;9.9756;;
ec2.5;99;24.1036;9.8054;;
ec2.5;100;24.1869;9.6380;;
ec2.5;101;24.2688;9.4736;;
ec2.5;102;24.3492;9.3121;;
ec2.5;103;24.4286;9.1529;;
ec2.5;104;24.5067;8.9961;;
ec2.5;105;24.5837;8.8416;;
ec2.5;106;24.6596;8.6894;;
ec2.5;107;24.7343;8.5395;;
ec2.5;108;24.8079;8.3919;;
ec2.5;109;24.8803;8.2467;;
ec2.5;110;24.9515;8.1038;;
ec2.5;111;25.0216;7.9632;;
ec2.5;112;25.0906;7.8250;;
ec2.5;113;25.1584;7.6891;;
ec2.5;114;25.2250;7.5555;;
ec2.5;115;25.2905;7.4242;;
ec2.5;116;25.3548;7.2955;;
ec2.5;117;25.4180;7.1688;;
ec2.5;118;25.4804;7.0439;;
ec2.5;119;25.5417;6.9210;;
ec2.5;120;25.6022;6.7999;;
ec2.5;121;25.6617;6.6807;;
ec2.5;122;25.7202;6.5634;;
ec2.5;123;25.7778;6.4480;;
ec2.5;124;25.8345;6.3345;;
ec2.5;125;25.8903;6.2229;;
ec2.5;126;25.9450;6.1132;;
ec2.5;127;25.9989;6.0053;;
ec2.5;128;26.0518;5.8994;;
ec2.5;129;26.1038;5.7953;;
ec2.5;130;26.1548;5.6933;;
ec2.5;131;26.2048;5.5930;;
ec2.5;132;26.2541;5.4943;;
ec2.5;133;26.3027;5.3971;;
ec2.5;134;26.3505;5.3014;;
ec2.5;135;26.3975;5.2073;;
ec2.5;136;26.4438;5.1146;;
ec2.5;137;26.4893;5.0235;;
ec2.5;138;26.5341;4.9339;;
ec2.5;139;26.5781;4.8459;;
ec2.5;140;26.6213;4.7593;;
ec2.5;141;26.6638;4.6743;;
ec2.5;142;26.7055;4.5908;;
ec2.5;143;26.7465;4.5088;;
ec2.5;144;26.7867;4.4284;;
ec2.5;145;26.8261;4.3495;;
ec2.5;146;26.8649;4.2719;;
ec2.5;147;26.9030;4.1955;;
ec2.5;148;26.9406;4.1203;;
ec2.5;149;26.9776;4.0463;;
ec2.5;150;27.0139;3.9736;;
ec2.5;151;27.0497;3.9020;;
ec2.5;152;27.0848;3.8317;;
ec2.5;153;27.1194;3.7626;;
ec2.5;154;27.1533;3.6947;;
ec2.5;155;27.1866;3.6280;;
ec2.5;156;27.2193;3.5625;;
ec2.5;157;27.2515;3.4983;;
ec2.5;158;27.2829;3.4353;;
ec2.5;159;27.3138;3.3736;;
ec2.5;160;27.3441;3.3128;;
ec2.5;161;27.3740;3.2530;;
ec2.5;162;27.4034;3.1942;;
ec2.5;163;27.4323;3.1364;;
ec2.5;164;27.4608;3.0795;;
ec2.5;165;27.4887;3.0235;;
ec2.5;166;27.5162;2.9686;;
ec2.5;167;27.5432;2.9146;;
ec2.5;168;27.5697;2.8616;;
ec2.5;169;27.5957;2.8095;;
ec2.5;170;27.6212;2.7584;;
ec2.5;171;27.6463;2.7083;;
ec2.5;172;27.6708;2.6592;;
ec2.5;173;27.6949;2.6111;;
ec2.5;174;27.7186;2.5637;;
ec2.5;175;27.7419;2.5171;;
ec2.5;176;27.7648;2.4712;;
ec2.5;177;27.7873;2.4262;;
ec2.5;178;27.8095;2.3818;;
ec2.5;179;27.8312;2.3383;;
ec2.5;180;27.8526;2.2955;;
ec2.5;181;27.8736;2.2535;;
ec2.5;182;27.8942;2.2122;;
ec2.5;183;27.9145;2.1717;;
ec2.5;184;27.9343;2.1320;;
ec2.5;185;27.9538;2.0931;;
ec2.5;186;27.9729;2.0549;;
ec2.5;187;27.9916;2.0175;;
ec2.5;188;28.0100;1.9807;;
ec2.5;189;28.0281;1.9444;;
ec2.5;190;28.0459;1.9088;;
ec2.5;191;28.0634;1.8738;;
ec2.5;192;28.0806;1.8394;;
ec2.5;193;28.0975;1.8056;;
ec2.5;194;28.1141;1.7724;;
ec2.5;195;28.1304;1.7397;;
ec2.5;196;28.1464;1.7077;;
ec2.5;197;28.1621;1.6763;;
ec2.5;198;28.1775;1.6455;;
ec2.5;199;28.1926;1.6153;;
ec2.5;200;28.2074;1.5858;;
ec2.5;201;28.2219;1.5568;;
ec2.5;202;28.2362;1.5282;;
ec2.5;203;28.2502;1.5001;;
ec2.5;204;28.2640;1.4725;;
ec2.5;205;28.2776;1.4454;;
ec2.5;206;28.2909;1.4187;;
ec2.5;207;28.3040;1.3925;;
ec2.5;208;28.3169;1.3668;;
ec2.5;209;28.3295;1.3416;;
ec2.5;210;28.3419;1.3168;;
ec2.5;211;28.3540;1.2925;;
ec2.5;212;28.3659;1.2687;;
ec2.5;213;28.3776;1.2454;;
ec2.5;214;28.3890;1.2225;;
ec2.5;215;28.4002;1.2000;;
ec2.5;216;28.4113;1.1779;;
ec2.5;217;28.4222;1.1562;;
ec2.5;218;28.4328;1.1348;;
ec2.5;219;28.4433;1.1138;;
ec2.5;220;28.4536;1.0932;;
ec2.5;221;28.4638;1.0729;;
ec2.5;222;28.4737;1.0531;;
ec2.5;223;28.4834;1.0336;;
ec2.5;224;28.4930;1.0144;;
ec2.5;225;28.5024;0.9957;;
ec2.5;226;28.5116;0.9773;;
ec2.5;227;28.5206;0.9593;;
ec2.5;228;28.5294;0.9416;;
ec2.5;229;28.5381;0.9243;;
ec2.5;230;28.5466;0.9072;;
ec2.5;231;28.5550;0.8904;;
ec2.5;232;28.5633;0.8739;;
ec2.5;233;28.5714;0.8577;;
ec2.5;234;28.5793;0.8417;;
ec2.5;235;28.5872;0.8261;;
ec2.5;236;28.5948;0.8108;;
ec2.5;237;28.6023;0.7957;;
ec2.5;238;28.6097;0.7810;;
ec2.5;239;28.6170;0.7665;;
ec2.5;240;28.6240;0.7523;;
ec2.5;241;28.6310;0.7385;;
ec2.5;242;28.6378;0.7248;;
ec2.5;243;28.6445;0.7114;;
ec2.5;244;28.6511;0.6982;;
ec2.5;245;28.6576;0.6853;;
ec2.5;246;28.6639;0.6725;;
ec2.5;247;28.6702;0.6600;;
ec2.5;248;28.6763;0.6477;;
ec2.5;249;28.6823;0.6357;;
ec2.5;250;28.6883;0.6239;;
ec2.5;251;28.6941;0.6123;;
ec2.5;252;28.6997;0.6009;;
ec2.5;253;28.7053;0.5898;;
ec2.5;254;28.7108;0.5789;;
ec2.5;255;28.7161;0.5682;;
ec2.5;256;28.7214;0.5576;;
ec2.5;257;28.7265;0.5473;;
ec2.5;258;28.7316;0.5371;;
ec2.5;259;28.7366;0.5271;;
ec2.5;260;28.7415;0.5173;;
ec2.5;261;28.7463;0.5077;;
ec2.5;262;28.7511;0.4982;;
ec2.5;263;28.7557;0.4889;;
ec2.5;264;28.7603;0.4798;;
ec2.5;265;28.7647;0.4709;;
ec2.5;266;28.7691;0.4622;;
ec2.5;267;28.7734;0.4536;;
ec2.5;268;28.7776;0.4452;;
ec2.5;269;28.7817;0.4370;;
ec2.5;270;28.7857;0.4289;;
ec2.5;271;28.7897;0.4209;;
ec2.5;272;28.7937;0.4130;;
ec2.5;273;28.7975;0.4053;;
ec2.5;274;28.8013;0.3978;;
ec2.5;275;28.8050;0.3904;;
ec2.5;276;28.8086;0.3831;;
ec2.5;277;28.8122;0.3759;;
ec2.5;278;28.8157;0.3689;;
ec2.5;279;28.8191;0.3621;;
ec2.5;280;28.8225;0.3554;;
ec2.5;281;28.8258;0.3488;;
ec2.5;282;28.8290;0.3423;;
ec2.5;283;28.8322;0.3360;;
ec2.5;284;28.8353;0.3297;;
ec2.5;285;28.8384;0.3236;;
ec2.5;286;28.8414;0.3175;;
ec2.5;287;28.8444;0.3116;;
ec2.5;288;28.8473;0.3058;;
ec2.5;289;28.8501;0.3001;;
ec2.5;290;28.8529;0.2945;;
ec2.5;291;28.8557;0.2890;;
ec2.5;292;28.8584;0.2836;;
ec2.5;293;28.8610;0.2783;;
ec2.5;294;28.8636;0.2732;;
ec2.5;295;28.8661;0.2681;;
ec2.5;296;28.8686;0.2631;;
ec2.5;297;28.8711;0.2582;;
ec2.5;298;28.8735;0.2534;;
ec2.5;299;28.8758;0.2487;;
